CustomerID,Recency,Frequency,Monetary,Cluster
12346,325,1,77183.6,0
12347,2,7,4310.0,4
12348,75,4,1797.24,4
12349,18,1,1757.55,4
12350,310,1,334.4,1
12352,36,8,2506.04,4
12353,204,1,89.0,1
12354,232,1,1079.4,1
12355,214,1,459.4,1
12356,22,3,2811.43,4
12357,33,1,6207.67,4
12358,1,2,1168.06,4
12359,57,4,6310.03,4
12360,52,3,2662.06,4
12361,287,1,189.9,1
12362,3,10,5226.23,4
12363,109,2,552.0,4
12364,7,4,1313.1,4
12365,291,2,641.38,1
12367,4,1,168.9,4
12370,51,4,3541.94,4
12371,44,2,1887.96,4
12372,71,3,1298.04,4
12373,311,1,364.6,1
12374,25,1,742.9300000000001,4
12375,10,2,457.5,4
12377,315,2,1628.12,1
12378,129,1,4008.62,4
12379,81,2,852.24,4
12380,21,4,2724.81,4
12381,4,5,1845.31,4
12383,184,5,1850.56,1
12384,28,2,585.27,4
12386,337,2,401.9,1
12388,15,6,2780.66,4
12390,79,1,549.84,4
12391,21,1,439.66,4
12393,72,4,1582.6000000000001,4
12394,63,2,1272.48,4
12395,19,12,3018.63,4
12397,35,2,2409.9,4
12398,45,1,1635.6599999999999,4
12399,119,4,1108.65,4
12401,303,1,84.3,1
12402,323,1,225.6,1
12403,49,1,427.7,4
12405,148,1,1710.39,1
12406,22,2,3415.3,4
12407,49,5,1708.1200000000001,4
12408,32,5,2888.55,4
12409,78,3,11072.67,4
12410,308,2,693.3299999999999,1
12412,74,3,1226.88,4
12413,66,3,758.1,4
12414,217,3,562.41,1
12415,24,21,124914.53,3
12417,3,9,3649.1,4
12418,112,1,668.58,4
12420,63,1,600.39,4
12421,15,4,807.04,4
12422,95,3,803.5600000000001,4
12423,0,8,1859.31,4
12424,162,2,1760.96,1
12425,78,1,777.2,4
12426,194,1,582.73,1
12427,21,3,825.8,4
12428,25,9,7956.46,4
12429,9,4,3750.4,4
12430,43,1,256.4,4
12431,35,15,6419.95,0
12432,42,5,5059.32,4
12433,0,7,13375.87,4
12434,84,2,806.14,4
12435,79,2,7829.89,4
12436,99,1,509.01,4
12437,1,18,4951.41,0
12438,14,2,2906.85,4
12441,366,1,173.55,1
12442,3,1,172.06,4
12444,21,5,5005.46,4
12445,22,1,133.4,4
12446,57,1,1002.3100000000001,4
12447,243,1,476.49,1
12448,44,1,449.45,4
12449,22,4,4067.29,4
12450,156,2,197.88,1
12451,10,5,9035.52,4
12452,16,2,430.57,4
12453,134,1,707.09,4
12454,56,1,3528.34,4
12455,73,6,2466.86,4
12456,44,3,3181.04,4
12457,66,7,2363.23,4
12458,71,2,947.4,4
12461,94,2,826.88,4
12462,18,2,1189.59,4
12463,53,4,1344.78,4
12464,10,8,1212.05,4
12465,17,2,742.1899999999999,4
12468,187,2,729.5400000000001,1
12471,2,30,19788.65,0
12472,32,7,6572.11,4
12473,29,5,3928.0499999999997,4
12474,17,18,7324.09,0
12475,53,1,723.38,4
12476,15,11,6816.42,4
12477,22,6,13219.74,4
12478,3,1,680.99,4
12479,11,1,527.2,4
12480,28,4,3281.63,4
12481,22,10,5579.82,4
12483,17,8,2484.98,4
12484,32,6,4527.32,4
12488,9,3,1298.66,4
12489,336,1,334.93,1
12490,5,10,5417.93,4
12491,38,1,460.40000000000003,4
12492,63,2,263.21000000000004,4
12493,165,2,433.74,1
12494,15,7,1246.1000000000001,4
12497,81,1,1043.1,4
12498,21,3,403.70000000000005,4
12500,23,11,4257.82,4
12501,336,1,2169.39,1
12502,95,5,3723.87,4
12504,18,2,482.04999999999995,4
12506,232,1,73.5,1
12507,134,3,1304.81,4
12508,26,2,397.88,4
12509,284,1,176.5,1
12510,142,2,982.5699999999999,4
12512,66,2,132.18,4
12513,112,1,612.29,4
12514,267,1,1017.68,1
12515,353,1,383.7,1
12516,77,2,1312.06,4
12517,28,5,2481.6,4
12518,0,5,2056.89,4
12519,63,1,330.84,4
12520,79,5,2634.26,4
12521,142,1,599.68,4
12522,39,2,192.72,4
12523,19,11,1789.77,4
12524,9,8,4485.72,4
12526,0,3,1316.66,4
12527,81,3,348.71000000000004,4
12528,9,6,1933.48,4
12530,59,4,1662.28,4
12531,14,1,125.22,4
12532,30,1,349.83000000000004,4
12534,130,1,1089.18,4
12535,91,2,716.35,4
12536,43,3,12601.830000000002,4
12538,29,1,363.95,4
12539,22,4,5568.35,4
12540,19,17,13400.24,0
12541,29,3,981.18,4
12544,36,1,372.7,4
12545,75,2,1000.39,4
12546,46,2,1161.5,4
12547,197,2,207.79999999999998,1
12548,166,1,95.19999999999999,1
12550,79,1,964.83,4
12551,357,1,168.0,1
12552,38,2,437.82,4
12553,8,10,3692.28,4
12556,50,2,599.56,4
12557,16,5,11990.960000000001,4
12558,7,1,269.96,4
12559,310,2,561.71,1
12560,5,3,2134.01,4
12561,302,1,238.85,1
12562,8,7,3781.7400000000002,4
12564,261,1,456.9,1
12565,288,1,145.92,1
12566,86,1,351.65,4
12567,22,10,9401.28,4
12569,2,32,4124.69,0
12571,39,2,519.61,4
12572,8,2,1020.42,4
12573,227,1,160.54000000000002,1
12574,315,1,218.45,1
12576,35,5,1315.83,4
12577,35,3,626.6,4
12578,21,2,2794.51,4
12579,78,1,440.42,4
12580,246,1,415.7,1
12581,39,1,197.71,4
12582,238,2,511.36,1
12583,2,15,7281.38,0
12584,3,9,2338.15,4
12585,234,2,2040.1,1
12586,17,1,196.94000000000003,4
12587,7,1,144.0,4
12588,39,1,214.89999999999998,4
12589,28,2,646.68,4
12590,211,2,9864.26,1
12591,317,1,452.84999999999997,1
12592,92,2,437.6,4
12593,108,3,418.09999999999997,4
12594,37,10,3338.2200000000003,4
12596,51,2,618.27,4
12597,19,4,3811.22,4
12598,9,8,3023.08,4
12599,29,7,1032.58,4
12600,28,10,2599.04,4
12601,189,5,577.0600000000001,1
12602,58,1,153.12,4
12603,21,1,739.1999999999999,4
12604,79,2,254.18,4
12607,60,1,1579.51,4
12609,78,3,1126.85,4
12610,22,5,2099.54,4
12611,52,1,1193.32,4
12612,74,1,704.0400000000001,4
12613,57,5,3344.38,4
12614,277,1,315.6,1
12615,2,4,2291.19,4
12616,95,2,713.3,4
12617,29,1,352.98,4
12618,21,1,177.31,4
12619,16,9,3641.24,4
12620,14,3,1339.41,4
12621,1,20,13689.67,0
12622,232,1,180.1,1
12623,276,1,305.1,1
12624,106,2,641.13,4
12625,211,2,2683.82,1
12626,23,9,6620.48,4
12627,10,7,4478.53,4
12628,4,3,786.46,4
12630,9,2,1270.88,4
12631,57,1,640.5,4
12633,58,4,2163.98,4
12635,89,2,1689.18,4
12637,67,8,6002.9,4
12638,33,1,671.69,4
12639,238,1,486.1,1
12640,23,3,1174.58,4
12641,115,1,185.9,4
12642,25,3,1013.26,4
12643,128,6,3344.64,4
12644,129,1,477.91,4
12645,33,4,1775.18,4
12646,4,2,1346.97,4
12647,22,12,3722.82,4
12648,154,1,318.05,1
12649,107,3,623.51,4
12650,3,1,314.44,4
12651,334,1,114.0,1
12652,331,1,919.98,1
12653,148,2,2209.85,1
12654,10,5,601.98,4
12656,17,5,4051.17,4
12657,11,4,1643.18,4
12658,18,1,686.05,4
12659,29,1,91.68,4
12660,11,1,245.1,4
12662,0,11,3849.78,4
12664,8,9,4881.88,4
12665,324,1,63.0,1
12667,58,1,620.13,4
12668,11,4,3807.15,4
12669,150,3,2744.0299999999997,1
12670,10,5,2996.05,4
12672,329,1,225.89999999999998,1
12673,5,2,610.52,4
12674,38,4,1970.6,4
12676,24,6,1331.39,4
12678,42,12,17628.46,0
12679,58,4,1113.02,4
12680,0,4,862.81,4
12681,14,22,13787.54,0
12682,3,31,12279.82,0
12683,4,15,8476.57,0
12684,7,7,2283.63,4
12685,28,6,2863.08,4
12686,371,1,89.14,1
12688,113,1,4873.8099999999995,4
12689,25,2,1247.61,4
12690,205,1,389.01,1
12691,28,6,1035.8,4
12693,127,4,855.91,4
12694,70,2,869.67,4
12695,7,4,582.1,4
12697,28,3,957.59,4
12700,7,4,4939.99,4
12701,79,2,797.71,4
12702,19,1,219.0,4
12703,71,1,283.55,4
12704,7,8,2340.84,4
12705,15,9,6868.29,4
12707,291,1,603.42,1
12708,29,10,2712.91,4
12709,15,15,9706.52,0
12710,96,3,1149.02,4
12712,28,13,4396.13,4
12713,0,1,848.55,4
12714,9,5,4708.86,4
12715,106,1,343.36,4
12716,3,2,1053.49,4
12717,151,2,1030.98,1
12718,71,1,238.25,4
12719,5,2,644.95,4
12720,2,25,5781.73,0
12721,31,6,2656.13,4
12722,85,4,997.63,4
12723,3,5,725.07,4
12724,5,4,1031.41,4
12725,371,1,427.8,1
12726,28,7,2609.1,4
12727,10,7,3980.7,4
12728,71,4,836.33,4
12729,113,1,453.01,4
12731,23,12,18895.91,0
12732,179,1,236.26000000000002,1
12733,234,1,383.95,1
12734,352,1,110.39999999999999,1
12735,315,2,779.5699999999999,1
12736,332,1,234.0,1
12738,372,1,155.35,1
12739,78,2,1013.04,4
12740,63,1,427.6,4
12743,134,2,540.13,4
12744,51,7,21279.29,0
12747,2,11,4196.01,4
12748,0,210,33053.19,2
12749,3,5,4090.88,4
12750,128,1,275.88,4
12752,81,1,4366.78,4
12753,22,6,21429.39,0
12754,235,3,3010.74,1
12755,280,2,3811.95,1
12756,86,1,112.07999999999998,4
12757,15,13,7834.650000000001,0
12758,116,2,2791.59,4
12759,52,3,1531.44,4
12762,7,2,1898.52,4
12763,138,2,494.08,4
12764,316,1,1693.88,1
12766,3,7,6989.63,4
12769,238,1,1143.6,1
12770,210,1,1351.45,1
12772,59,1,892.47,4
12775,17,5,1386.04,4
12778,19,6,822.23,4
12779,37,8,3981.36,4
12781,63,2,826.74,4
12782,4,5,2330.92,4
12783,2,6,2225.91,4
12784,9,2,532.8199999999999,4
12785,364,1,311.95,1
12787,9,3,463.66,4
12789,65,1,91.85,4
12790,192,1,324.92,1
12791,373,1,192.60000000000002,1
12792,256,1,400.53999999999996,1
12793,334,2,545.48,1
12794,53,2,860.41,4
12795,18,1,430.48,4
12797,365,1,254.03,1
12798,10,3,6977.04,4
12802,186,1,427.58,1
12808,36,3,483.65000000000003,4
12809,177,1,489.31,1
12811,260,3,514.85,1
12812,44,1,229.64000000000001,4
12814,101,1,125.92,4
12815,147,2,1063.46,1
12816,95,2,572.2,4
12817,281,1,166.04,1
12818,261,1,1542.08,1
12820,3,4,942.34,4
12821,214,1,92.72,1
12822,70,2,948.88,4
12823,74,5,1759.5,4
12824,59,1,397.12,4
12826,2,7,1474.72,4
12827,5,3,430.15000000000003,4
12828,2,6,1018.71,4
12829,336,2,293.0,1
12830,37,6,6814.64,4
12831,262,1,215.05,1
12832,32,2,383.03,4
12833,145,1,417.38,1
12834,282,1,312.38,1
12836,59,4,2610.36,4
12837,173,1,134.1,1
12838,33,2,671.95,4
12839,2,14,5591.42,0
12840,143,4,2726.77,4
12841,4,25,3991.58,0
12842,70,2,1118.99,4
12843,65,8,1702.26,4
12844,29,2,325.96000000000004,4
12845,267,4,354.09,1
12847,22,1,843.64,4
12849,31,2,1010.29,4
12851,96,1,131.81,4
12852,294,1,311.55,1
12853,134,6,1957.1000000000001,4
12854,78,3,1316.25,4
12855,372,1,38.1,1
12856,7,6,2170.78,4
12857,210,2,1106.4,1
12863,52,1,521.2,4
12864,138,1,147.12,4
12865,26,2,1568.23,4
12866,283,1,559.12,1
12867,26,7,4009.34,4
12868,185,6,1607.0600000000002,1
12871,84,2,380.64,4
12872,326,2,599.97,1
12873,282,1,374.0,1
12875,143,2,343.2300000000001,4
12876,57,2,2218.02,4
12877,3,12,1535.77,4
12878,236,2,854.99,1
12879,44,3,573.22,4
12881,275,1,298.0,1
12882,9,2,1463.04,4
12883,24,4,703.47,4
12884,88,1,309.05,4
12885,63,3,1175.22,4
12886,67,2,1378.4,4
12888,214,2,354.12,1
12890,24,1,376.71999999999997,4
12891,185,3,331.0,1
12893,30,1,176.55,4
12895,42,2,372.8,4
12897,204,2,216.5,1
12901,8,28,17654.54,0
12902,264,1,138.68,1
12904,18,2,496.06,4
12906,11,5,2919.81,4
12908,176,2,750.0,1
12909,39,5,2178.67,4
12910,23,8,3075.04,4
12912,2,5,1662.3,4
12913,4,5,2483.63,4
12915,148,2,363.65,1
12916,138,4,2944.95,4
12917,128,1,594.0,4
12919,8,6,1335.19,4
12920,17,1,162.78,4
12921,9,37,16587.09,0
12922,161,1,405.38,1
12923,64,1,172.82,4
12924,88,4,933.7,4
12925,4,2,694.05,4
12928,35,5,2062.7000000000003,4
12929,311,1,117.85,1
12930,78,2,415.8,4
12931,21,15,42055.96,0
12933,24,3,607.53,4
12935,2,7,2160.7,4
12936,17,4,1063.9,4
12937,15,4,1504.27,4
12938,25,1,114.14,4
12939,64,8,11581.8,4
12940,54,2,899.69,4
12942,131,3,675.6,4
12944,35,2,604.51,4
12945,288,1,462.95,1
12947,143,6,1603.99,4
12948,16,7,2064.95,4
12949,30,8,4167.22,4
12950,2,3,1843.0,4
12951,8,6,1064.07,4
12952,5,4,1387.79,4
12953,9,1,329.85,4
12955,1,11,4757.16,4
12956,306,1,108.07,1
12957,9,8,4017.54,4
12962,7,2,266.39,4
12963,8,8,1856.63,4
12965,89,1,769.8100000000001,4
12966,9,1,160.18,4
12967,358,2,1660.9,1
12968,112,1,135.95,4
12970,7,4,405.47,4
12971,3,86,11189.91,2
12974,197,1,144.8,1
12976,211,1,738.6,1
12977,156,1,39.239999999999995,1
12980,157,9,7374.900000000001,4
12981,29,2,372.21999999999997,4
12982,242,1,390.54,1
12984,18,1,97.5,4
12985,0,2,1239.38,4
12987,73,2,558.7,4
12988,292,1,505.82,1
12989,3,15,6924.110000000001,0
12990,31,3,409.5,4
12991,23,2,503.76,4
12993,23,4,414.76,4
12994,4,3,974.4200000000001,4
12995,85,1,211.32,4
12997,22,4,1226.89,4
12999,196,3,455.88,1
13000,106,3,534.85,4
13001,4,13,9785.970000000001,0
13002,318,1,120.94999999999999,1
13003,105,3,149.05,4
13004,11,18,5655.91,0
13005,173,2,513.7,1
13006,56,1,81.57,4
13008,323,1,229.46999999999997,1
13011,372,1,50.550000000000004,1
13012,9,8,1646.8400000000001,4
13013,1,13,4810.9400000000005,0
13014,10,10,3466.2799999999997,4
13015,53,5,3339.64,4
13016,73,3,789.89,4
13017,7,1,204.0,4
13018,16,28,7277.7,0
13021,4,9,2616.38,4
13023,64,2,689.9,4
13026,1,5,975.36,4
13027,113,6,6912.0,4
13028,22,2,661.3199999999999,4
13029,30,3,1247.5,4
13030,11,2,752.4399999999999,4
13032,52,2,1010.18,4
13033,357,1,190.55,1
13034,54,2,642.77,4
13035,73,2,921.88,4
13037,138,3,881.07,4
13038,80,3,908.46,4
13040,8,2,676.99,4
13043,273,1,516.42,1
13044,291,1,560.47,1
13045,99,1,305.28000000000003,4
13046,30,2,629.31,4
13047,31,10,3237.54,4
13048,14,4,1819.41,4
13049,64,2,656.6800000000001,4
13050,14,17,5836.86,0
13052,212,1,348.15000000000003,1
13055,78,3,1214.41,4
13058,24,3,271.40000000000003,4
13059,249,1,183.4,1
13060,253,1,307.53,1
13061,72,1,248.61,4
13062,191,1,346.98,1
13064,12,4,1105.59,4
13065,373,1,205.86,1
13066,24,2,470.8,4
13067,82,1,115.46000000000001,4
13068,10,2,344.0,4
13069,0,24,4431.44,0
13070,192,1,228.8,1
13072,266,1,177.15,1
13075,129,1,919.61,4
13077,1,4,728.02,4
13078,3,26,12627.94,0
13079,4,5,220.10000000000002,4
13080,179,1,58.08,1
13081,11,11,28337.38,0
13082,126,9,3613.63,4
13083,4,2,303.75,4
13085,157,2,416.08000000000004,1
13089,2,97,58762.08,2
13090,8,14,8910.82,0
13091,28,1,345.82,4
13092,70,5,477.83,4
13093,275,8,7832.47,1
13094,21,12,1927.3200000000002,4
13095,70,1,74.39999999999999,4
13097,32,10,6003.22,4
13098,1,28,28882.44,0
13099,99,1,207.35999999999999,4
13101,234,1,101.19,1
13102,1,24,6424.09,0
13103,39,1,243.94,4
13104,3,6,1098.48,4
13106,133,1,76.5,4
13107,44,4,1531.6200000000001,4
13108,372,1,350.06,1
13109,59,2,786.54,4
13110,31,7,1488.67,4
13113,0,24,12245.960000000001,0
13115,11,4,2294.78,4
13116,138,1,501.14,4
13117,21,8,984.91,4
13118,19,5,1197.81,4
13120,238,1,30.599999999999998,1
13121,269,1,283.73,1
13122,94,2,922.39,4
13124,89,3,3756.33,4
13126,4,8,2099.64,4
13127,77,1,259.17,4
13130,94,1,64.0,4
13131,23,3,1073.3,4
13132,261,1,77.3,1
13133,273,2,109.8,1
13134,85,4,1793.58,4
13135,196,1,3096.0,1
13136,56,5,2607.61,4
13137,10,8,3603.29,4
13138,22,6,962.39,4
13139,16,7,5064.94,4
13140,108,3,422.47,4
13141,84,5,2388.75,4
13142,19,1,307.09,4
13144,332,1,110.95,1
13145,39,4,618.52,4
13146,26,1,228.91,4
13147,10,4,712.8000000000001,4
13148,29,12,3683.26,4
13149,14,4,1676.06,4
13151,295,1,1257.8700000000001,1
13153,5,1,486.22,4
13155,33,4,971.76,4
13157,49,4,1741.22,4
13158,94,4,1201.06,4
13159,8,4,1429.35,4
13160,22,1,91.8,4
13161,313,1,112.75,1
13162,122,4,1688.29,4
13165,46,2,1021.48,4
13166,283,1,417.2,1
13167,18,4,791.33,4
13168,36,4,1299.59,4
13169,63,2,712.88,4
13170,26,1,108.81,4
13171,21,3,468.41,4
13173,4,2,353.65,4
13174,16,3,2742.82,4
13176,46,1,481.49,4
13177,64,1,282.45,4
13178,26,11,5725.47,4
13182,45,1,121.18,4
13183,7,9,3957.78,4
13184,14,10,1668.95,4
13185,267,1,71.4,1
13186,39,3,1575.89,4
13187,337,1,236.02,1
13188,11,1,114.60000000000001,4
13189,18,2,260.68,4
13192,95,2,911.94,4
13193,61,1,112.08,4
13194,135,1,60.7,4
13196,11,4,1797.78,4
13198,10,6,3401.2400000000002,4
13199,3,38,9817.12,0
13200,19,4,870.09,4
13203,9,4,869.46,4
13207,15,2,250.26000000000002,4
13208,58,6,1217.65,4
13209,30,8,5891.61,4
13210,93,1,353.48,4
13211,10,3,1095.42,4
13212,19,3,786.83,4
13213,56,5,1520.58,4
13216,267,1,333.74,1
13217,122,3,533.98,4
13218,127,1,62.63999999999999,4
13220,78,4,819.2900000000001,4
13221,240,2,847.41,1
13223,200,2,163.20000000000002,1
13224,60,2,2155.95,4
13225,3,7,6463.84,4
13226,273,1,108.21000000000001,1
13227,201,1,257.7,1
13228,81,1,358.0,4
13229,225,1,160.95,1
13230,4,14,2755.63,0
13232,12,7,1328.35,4
13233,74,2,605.12,4
13235,212,1,1031.07,1
13236,24,2,744.85,4
13238,17,4,700.73,4
13239,261,1,329.56,1
13240,96,4,663.65,4
13242,112,3,270.40000000000003,4
13243,203,1,585.12,1
13244,92,1,121.74000000000001,4
13245,50,1,430.5,4
13246,18,6,1961.52,4
13247,17,4,501.12,4
13248,124,2,465.68,4
13249,92,3,711.41,4
13253,156,2,1030.4,1
13255,9,2,399.51,4
13256,14,1,0.0,4
13258,11,3,672.83,4
13259,61,1,283.18,4
13260,61,1,557.62,4
13261,268,2,944.1,1
13262,263,1,200.29,1
13263,1,35,7436.93,0
13265,53,5,2092.66,4
13266,11,12,3834.2599999999998,4
13267,2,19,4521.49,0
13268,17,11,3174.75,4
13269,1,15,5343.28,0
13270,366,1,590.0,1
13271,37,1,211.49,4
13272,31,2,276.56,4
13273,113,1,138.98,4
13276,63,2,590.9300000000001,4
13277,15,4,258.4,4
13278,40,1,542.73,4
13279,78,1,137.75,4
13280,122,3,798.46,4
13282,18,3,1132.14,4
13283,59,2,93.66,4
13284,330,1,201.19,1
13285,23,4,2709.12,4
13291,155,1,361.11,1
13292,38,2,578.9399999999999,4
13294,189,2,873.74,1
13295,359,1,201.20000000000002,1
13296,137,1,87.4,4
13297,7,4,2089.85,4
13298,1,1,360.0,4
13299,268,1,142.5,1
13300,169,1,371.89,1
13301,103,4,618.09,4
13302,155,1,63.75,1
13304,351,1,300.42,1
13305,4,10,2000.86,4
13307,120,1,15.0,4
13308,22,3,1385.51,4
13309,7,5,1456.79,4
13310,28,3,1132.03,4
13311,4,2,598.57,4
13313,22,5,1555.32,4
13314,1,3,775.94,4
13316,37,4,5732.93,4
13317,66,6,2273.68,4
13318,1,3,640.76,4
13319,5,26,10845.550000000001,0
13320,78,4,1532.2,4
13321,72,2,567.36,4
13322,17,1,199.48000000000002,4
13323,3,5,787.85,4
13324,36,10,7121.95,4
13325,81,1,675.3,4
13327,38,8,3627.77,4
13328,316,1,1308.48,1
13329,31,2,789.0,4
13330,92,3,1140.93,4
13332,14,1,350.9,4
13334,82,3,3502.32,4
13336,77,1,795.12,4
13338,157,1,487.02,1
13339,200,1,860.12,1
13340,45,7,10736.48,4
13341,260,1,775.85,1
13343,177,1,353.43,1
13344,67,3,2511.69,4
13345,287,1,389.5,1
13347,70,1,341.36,4
13348,64,1,233.76,4
13349,10,1,247.32,4
13350,16,2,979.12,4
13351,66,1,373.94,4
13352,60,1,397.97999999999996,4
13354,71,1,743.53,4
13355,122,1,674.7,4
13356,80,1,768.24,4
13357,257,1,609.4,1
13358,268,1,439.03,1
13359,63,1,439.56,4
13362,9,4,3090.7400000000002,4
13363,17,2,992.5,4
13364,71,1,134.95999999999998,4
13365,33,2,2225.37,4
13366,50,1,56.160000000000004,4
13368,256,2,623.4,1
13369,365,1,308.28000000000003,1
13370,371,1,754.87,1
13372,89,1,378.64,4
13373,60,3,3312.25,4
13375,88,1,778.65,4
13376,99,3,1019.76,4
13379,26,3,572.56,4
13381,31,6,3639.31,4
13382,280,1,222.99,1
13384,30,7,4151.93,4
13385,329,1,534.57,1
13388,131,2,677.1,4
13389,11,3,797.96,4
13390,74,1,544.08,4
13391,203,1,59.8,1
13394,1,8,2520.02,4
13395,185,1,307.72,1
13396,29,2,1360.99,4
13397,72,5,1544.13,4
13398,192,1,457.34,1
13402,127,2,621.23,4
13403,17,1,75.0,4
13404,1,2,252.49,4
13405,74,3,572.451,4
13408,1,62,28117.04,0
13410,24,5,1003.06,4
13411,107,1,213.55,4
13414,133,3,1390.5,4
13416,43,2,712.5,4
13417,4,2,640.83,4
13418,11,18,6127.43,0
13419,63,1,221.06,4
13420,149,2,159.85,1
13421,40,2,1833.71,4
13422,64,1,2626.3,4
13425,108,3,1624.21,4
13426,0,10,3641.32,4
13427,19,3,582.6,4
13428,10,1,201.78,4
13429,10,4,1006.8,4
13430,18,2,679.45,4
13431,67,2,1269.1,4
13434,74,2,534.24,4
13435,5,7,3809.8900000000003,4
13436,1,1,196.89,4
13437,14,7,3408.06,4
13439,255,1,283.71,1
13441,91,1,296.64,4
13447,23,3,1129.14,4
13448,16,6,3534.69,4
13449,23,1,291.88,4
13450,26,6,2043.7199999999998,4
13451,26,5,2898.2599999999998,4
13452,259,2,590.0,1
13453,165,2,356.97999999999996,1
13455,24,2,1058.34,4
13456,17,6,1766.72,4
13458,7,14,9646.57,0
13460,29,2,183.44,4
13461,38,3,1445.0,4
13462,252,1,151.5,1
13464,58,1,674.68,4
13466,184,1,307.9,1
13467,10,2,1071.91,4
13468,1,37,5704.97,0
13470,99,2,165.0,4
13471,1,4,2501.84,4
13473,60,2,422.64,4
13474,236,1,226.84,1
13475,191,4,1431.78,1
13476,178,2,1238.47,1
13477,37,6,1454.58,4
13479,200,2,300.95,1
13481,45,5,1804.56,4
13482,232,1,184.64,1
13483,65,1,140.34,4
13484,241,1,313.8,1
13485,233,1,454.24,1
13486,78,3,1122.41,4
13487,57,3,575.4,4
13488,17,13,8968.31,0
13489,105,4,449.52,4
13491,51,10,1215.82,4
13492,136,3,1269.84,4
13493,275,2,618.63,1
13494,311,1,316.26000000000005,1
13495,7,5,2044.8700000000001,4
13496,10,2,653.33,4
13497,282,2,348.05,1
13499,17,5,1159.11,4
13500,23,3,1166.77,4
13501,288,1,1340.32,1
13502,16,3,292.0,4
13503,71,1,216.85,4
13504,64,1,295.93,4
13505,72,4,4393.63,4
13506,316,2,458.52,1
13507,3,4,2479.16,4
13508,243,1,110.97,1
13509,8,7,979.72,4
13510,1,4,1791.56,4
13512,260,1,251.21,1
13513,126,1,205.1,4
13514,73,1,152.20000000000002,4
13515,72,4,891.12,4
13516,21,3,1389.41,4
13517,59,3,2128.42,4
13518,85,1,627.16,4
13519,78,1,122.75,4
13520,58,6,3624.35,4
13521,1,3,1071.73,4
13522,30,1,125.80000000000001,4
13523,33,5,3964.88,4
13524,40,5,680.1800000000001,4
13525,14,2,628.78,4
13527,33,7,2242.36,4
13529,78,2,307.76,4
13531,205,2,483.8,1
13532,33,1,210.31,4
13533,182,3,269.09,1
13534,2,25,5870.08,0
13536,1,7,3444.39,4
13538,43,7,1280.85,4
13539,85,3,631.34,4
13544,39,2,276.06,4
13546,12,3,621.09,4
13548,96,2,678.16,4
13549,25,7,918.2,4
13551,319,1,91.80000000000001,1
13552,66,12,3740.07,4
13555,73,4,4098.88,4
13557,28,2,584.06,4
13558,5,4,594.52,4
13560,7,1,171.42000000000002,4
13561,215,1,141.85999999999999,1
13562,81,3,1799.33,4
13563,84,2,777.53,4
13564,144,3,1724.67,4
13565,19,2,240.22,4
13566,40,2,856.84,4
13568,173,1,187.05,1
13569,17,2,338.62,4
13570,243,1,239.49,1
13571,12,12,2088.94,4
13572,205,1,1384.25,1
13573,50,2,290.25,4
13575,23,5,732.0699999999999,4
13576,10,18,6717.34,0
13577,25,4,1687.6000000000001,4
13579,14,2,467.04,4
13581,309,1,118.0,1
13583,155,1,781.03,1
13584,306,1,142.4,1
13587,63,1,712.4,4
13588,15,9,2478.95,4
13589,14,2,379.65,4
13590,11,6,1981.92,4
13591,64,3,1117.13,4
13592,35,4,247.95999999999998,4
13593,108,5,2011.88,4
13594,52,1,396.97,4
13596,5,2,664.11,4
13598,47,1,160.04,4
13599,1,21,5149.92,0
13600,312,1,219.52,1
13601,45,2,693.32,4
13602,64,1,428.89,4
13603,26,1,164.34,4
13606,29,3,276.75,4
13607,40,1,675.51,4
13610,12,7,1082.33,4
13611,89,3,1154.4,4
13614,24,4,1585.46,4
13615,318,1,417.69,1
13617,40,3,544.18,4
13618,173,1,177.34,1
13621,116,1,213.85,4
13623,30,5,727.74,4
13626,252,1,257.23,1
13627,59,5,1638.47,4
13629,23,11,7792.36,4
13630,5,7,2031.78,4
13631,99,11,3070.42,4
13632,24,5,2118.93,4
13634,33,5,1547.3600000000001,4
13635,67,1,1071.03,4
13636,36,5,949.12,4
13637,52,3,804.3,4
13638,15,1,122.64,4
13639,74,1,1033.34,4
13642,215,1,312.28,1
13643,31,3,519.44,4
13644,16,4,2624.26,4
13645,120,1,252.1,4
13647,9,4,1648.1200000000001,4
13649,256,2,346.6,1
13650,16,6,1836.34,4
13651,35,2,94.2,4
13652,45,3,1095.08,4
13654,43,6,2707.33,4
13655,114,2,932.97,4
13656,164,2,379.65,1
13657,10,2,382.14,4
13658,9,5,2639.17,4
13659,205,2,1563.0,1
13662,85,3,881.26,4
13663,179,1,189.47,1
13666,60,3,84.65,4
13667,149,1,299.05,1
13668,2,21,6309.83,0
13669,50,2,218.55,4
13670,75,1,349.7,4
13672,301,2,186.39000000000001,1
13673,18,2,387.44,4
13675,151,2,486.82000000000005,1
13678,151,1,232.6,1
13680,1,4,3719.12,4
13681,17,4,827.83,4
13682,187,1,59.5,1
13684,285,1,65.13,1
13685,2,7,3119.44,4
13686,182,1,72.0,1
13689,63,1,910.0,4
13690,59,1,172.25,4
13692,24,3,1488.32,4
13694,3,50,65039.62,0
13695,31,15,2504.13,0
13697,38,1,151.29999999999998,4
13699,155,1,308.58000000000004,1
13700,26,10,2248.63,4
13703,318,1,99.5,1
13704,5,9,2308.06,4
13705,7,3,711.86,4
13706,302,1,330.79,1
13707,267,2,806.41,1
13708,271,1,285.33,1
13709,3,13,6307.650000000001,0
13710,31,1,180.48,4
13711,218,2,252.06,1
13712,246,1,228.84,1
13715,281,5,1077.39,1
13716,269,1,138.28,1
13717,32,6,1445.01,4
13718,246,2,306.55,1
13719,15,5,1041.68,4
13720,116,4,799.9,4
13721,36,1,524.14,4
13722,131,3,2375.41,4
13723,217,1,199.85000000000002,1
13725,49,8,1980.56,4
13726,38,2,1079.6599999999999,4
13727,28,2,333.48,4
13728,36,6,1016.14,4
13730,135,2,752.6,4
13731,219,2,610.59,1
13732,28,1,491.86,4
13735,24,4,2883.54,4
13736,5,2,729.8,4
13737,200,1,339.59999999999997,1
13739,18,1,216.9,4
13740,240,1,350.75,1
13741,71,3,668.4300000000001,4
13742,16,12,3107.87,4
13743,2,7,1341.6,4
13744,95,2,1080.52,4
13745,162,1,300.04,1
13747,373,1,79.6,1
13748,95,5,948.25,4
13750,53,5,1647.26,4
13751,288,1,296.25,1
13752,124,6,1175.38,4
13753,287,1,741.26,1
13754,151,2,282.59999999999997,1
13755,3,9,2108.06,4
13756,2,14,5189.52,0
13758,11,7,3190.55,4
13759,33,2,659.4100000000001,4
13760,54,2,286.79,4
13761,50,2,1070.65,4
13762,218,1,306.72,1
13763,63,1,1714.96,4
13764,70,3,1519.42,4
13767,2,37,17220.36,0
13769,2,10,2796.51,4
13771,64,4,2634.45,4
13772,33,3,1122.63,4
13774,81,1,345.0,4
13777,0,33,25977.16,0
13778,103,1,178.7,4
13780,7,2,360.01,4
13781,250,1,127.84,1
13782,12,6,908.86,4
13784,9,11,2462.79,4
13786,367,1,230.39999999999998,1
13787,75,2,309.04,4
13790,4,1,348.8,4
13791,127,2,1516.0,4
13792,66,2,195.55,4
13798,1,57,37153.85,0
13799,116,2,688.86,4
13800,309,1,558.32,1
13801,66,1,324.8,4
13802,138,3,4599.42,4
13803,255,1,277.07,1
13804,30,7,2588.39,4
13805,52,2,924.6,4
13806,63,1,256.38,4
13807,367,1,112.6,1
13808,5,5,1747.66,4
13809,305,1,155.05,1
13810,28,3,1499.01,4
13811,183,3,814.5,1
13812,42,3,539.0,4
13813,39,4,1366.8600000000001,4
13814,92,2,1579.12,4
13815,22,4,4027.36,4
13816,23,2,571.6700000000001,4
13817,29,2,382.98,4
13819,301,3,1140.35,1
13821,144,2,385.64,4
13822,5,2,632.0,4
13823,18,2,957.66,4
13824,32,5,1698.94,4
13826,176,1,189.5,1
13827,57,3,409.8,4
13828,22,1,209.49,4
13831,16,6,2198.45,4
13832,19,1,52.199999999999996,4
13833,159,1,383.85,1
13835,25,4,834.57,4
13837,211,2,266.59000000000003,1
13838,5,4,674.82,4
13841,252,1,85.0,1
13842,58,9,3385.62,4
13844,11,1,361.62,4
13845,64,1,312.98,4
13846,24,3,865.0600000000001,4
13848,92,3,1255.0,4
13849,51,2,1537.95,4
13850,129,1,1595.48,4
13851,95,3,2651.46,4
13853,57,1,1090.14,4
13854,8,25,8109.5199999999995,0
13856,168,3,388.5,1
13858,57,1,216.17,4
13859,326,1,201.16,1
13860,1,5,1245.9,4
13862,18,8,2209.36,4
13863,247,1,305.78,1
13865,58,4,501.56,4
13866,74,1,145.67000000000002,4
13867,31,3,1005.09,4
13868,7,2,3192.54,4
13869,123,4,3083.65,4
13870,2,8,2770.94,4
13871,22,13,6403.25,0
13873,119,3,389.6,4
13874,358,1,540.45,1
13875,53,5,1786.79,4
13876,63,1,122.7,4
13877,86,1,117.24,4
13878,54,1,1271.57,4
13880,21,13,3219.77,4
13881,3,20,17159.52,0
13882,2,5,1191.13,4
13883,10,5,2674.48,4
13884,7,5,787.6,4
13885,189,2,506.8,1
13886,71,1,243.56,4
13887,204,1,349.55,1
13888,119,2,595.67,4
13889,92,1,416.90000000000003,4
13890,1,10,1883.8100000000002,4
13892,26,4,632.97,4
13893,297,1,821.1,1
13894,23,3,564.62,4
13895,28,4,2593.07,4
13897,50,1,311.16,4
13898,325,1,155.93,1
13899,16,2,388.52,4
13900,183,3,740.95,1
13901,72,5,2867.2,4
13904,37,2,332.64,4
13908,79,4,2369.55,4
13911,57,9,2580.91,4
13914,11,2,626.45,4
13917,49,2,272.04,4
13918,49,2,1212.8400000000001,4
13919,59,2,384.81,4
13922,351,1,172.25,1
13923,53,1,351.13,4
13924,1,6,1838.8500000000001,4
13925,92,4,678.25,4
13926,23,1,223.85000000000002,4
13927,74,1,348.99,4
13928,10,4,464.57,4
13929,169,2,842.65,1
13930,57,2,337.34,4
13931,95,2,1237.53,4
13932,294,1,307.4,1
13933,109,2,608.7900000000001,4
13934,263,1,922.1,1
13936,179,1,376.58,1
13937,169,1,158.85,1
13938,35,1,71.66,4
13939,23,3,568.55,4
13940,17,4,839.14,4
13941,21,5,5112.96,4
13946,79,3,561.5699999999999,4
13947,65,1,90.6,4
13948,360,1,102.0,1
13949,2,6,2427.32,4
13950,11,4,745.06,4
13951,176,3,674.45,1
13952,217,2,3251.071,1
13953,7,7,3515.68,4
13954,1,2,439.92,4
13955,154,2,322.96,1
13956,5,5,1019.27,4
13959,79,3,594.04,4
13960,21,2,230.22,4
13962,21,2,169.55,4
13963,308,4,664.54,1
13967,145,1,80.7,1
13969,7,18,9024.17,0
13971,18,8,2758.26,4
13972,70,2,190.25,4
13973,287,1,264.7,1
13974,49,1,413.59000000000003,4
13975,31,6,2461.2400000000002,4
13976,206,1,357.98,1
13978,14,2,196.79000000000002,4
13979,73,1,869.87,4
13980,60,1,200.14,4
13982,39,4,1871.81,4
13983,29,12,2603.43,4
13984,26,5,920.51,4
13985,4,15,7060.13,0
13986,17,1,320.46,4
13988,19,6,4147.96,4
13989,65,2,1266.08,4
13990,213,1,311.3,1
13991,12,6,852.88,4
13992,30,1,76.8,4
13993,42,9,3466.36,4
13994,3,6,2274.14,4
13995,15,5,1393.69,4
13999,10,12,3901.81,4
14000,211,1,635.66,1
14001,45,3,2043.0800000000002,4
14002,134,2,529.73,4
14004,43,7,4582.64,4
14005,9,5,2874.72,4
14006,115,3,962.19,4
14009,198,2,695.61,1
14012,277,1,328.8,1
14013,110,3,473.02,4
14014,77,1,505.18,4
14015,52,1,917.34,4
14016,161,4,4341.21,1
14019,46,3,1421.61,4
14020,16,2,642.8,4
14021,155,3,631.9,1
14022,225,1,440.0,1
14023,7,2,584.07,4
14024,121,2,327.7,4
14027,60,1,104.82,4
14029,63,2,467.66,4
14030,18,8,2358.84,4
14031,7,19,17286.86,0
14032,2,11,2975.59,4
14034,22,3,648.89,4
14035,28,5,1428.02,4
14036,284,1,626.65,1
14037,176,2,147.20000000000002,1
14038,78,3,1560.38,4
14039,33,1,152.2,4
14040,40,12,3560.32,4
14041,266,1,141.41,1
14044,26,4,646.42,4
14045,109,4,1659.75,4
14046,284,1,154.99,1
14047,8,5,1308.6100000000001,4
14048,305,1,409.93,1
14049,16,4,5578.72,4
14050,31,2,746.36,4
14051,0,23,15610.390000000001,0
14052,19,1,225.36,4
14053,124,2,260.25,4
14054,65,1,92.46,4
14055,106,1,725.6400000000001,4
14056,1,23,8152.71,0
14057,23,17,6211.66,0
14059,266,1,183.6,1
14060,4,19,6140.42,0
14062,9,12,10464.85,0
14064,29,5,1334.34,4
14066,266,1,152.55,1
14067,63,2,374.7,4
14068,320,1,265.85,1
14071,3,8,1437.57,4
14073,32,1,151.04,4
14075,4,3,942.26,4
14076,129,1,118.67,4
14077,40,5,499.41999999999996,4
14078,101,6,1049.37,4
14079,124,1,375.1,4
14080,32,1,45.599999999999994,4
14081,302,2,921.62,1
14082,364,1,182.25,1
14083,4,9,1002.9,4
14085,2,18,4421.29,0
14087,2,1,191.47,4
14088,10,13,50491.81,0
14089,56,1,158.75,4
14090,324,1,76.32000000000001,1
14092,7,14,4076.91,0
14093,12,1,433.86,4
14096,4,17,65164.79,0
14098,36,1,147.35,4
14099,16,11,3104.17,4
14100,137,1,191.95000000000002,4
14101,73,6,5976.79,4
14102,5,5,1105.8799999999999,4
14104,154,2,216.20999999999998,1
14105,239,1,1266.23,1
14107,51,7,2703.23,4
14108,30,2,597.91,4
14109,72,1,144.2,4
14110,3,12,5683.15,4
14111,14,4,692.85,4
14112,22,7,2915.15,4
14113,3,4,1840.42,4
14114,273,2,386.53,1
14116,19,5,1382.74,4
14117,143,1,90.0,1
14121,3,4,2780.15,4
14124,84,1,419.58000000000004,4
14125,10,3,2720.63,4
14126,7,3,706.1300000000001,4
14127,122,3,709.71,4
14128,60,2,637.5,4
14129,1,5,1123.8600000000001,4
14130,319,1,480.91,1
14132,2,11,3586.0299999999997,4
14133,129,3,605.64,4
14135,1,15,4690.31,0
14138,1,2,965.8800000000001,4
14139,46,1,415.82,4
14140,3,2,935.05,4
14141,2,4,915.13,4
14142,373,1,311.81,1
14143,133,1,115.8,4
14145,46,4,3742.2,4
14146,8,5,4191.0,4
14147,78,2,483.4,4
14148,233,1,157.2,1
14149,220,1,446.62,1
14150,35,2,658.64,4
14152,75,2,621.29,4
14154,239,2,1345.62,1
14155,266,1,118.75,1
14156,9,55,117210.08,3
14157,19,2,424.89000000000004,4
14158,40,1,507.66,4
14159,19,11,4630.35,4
14161,215,3,1097.6200000000001,1
14162,173,2,289.36,1
14163,87,4,2445.91,4
14164,70,2,1631.77,4
14165,275,1,120.44,1
14167,39,4,562.59,4
14171,98,1,363.79,4
14173,10,4,450.84,4
14174,33,1,134.46,4
14175,59,3,3222.3,4
14176,297,4,576.9000000000001,1
14177,86,4,549.46,4
14178,8,7,1600.26,4
14179,40,2,701.57,4
14180,10,25,4748.52,0
14184,66,1,452.89,4
14185,331,1,197.65,1
14188,30,6,2054.36,4
14189,2,15,4654.08,0
14191,1,13,4684.76,0
14193,67,2,853.39,4
14194,4,21,11349.52,0
14195,201,2,1012.0,1
14196,106,1,335.52,4
14198,18,4,701.4,4
14199,218,1,185.39999999999998,1
14201,60,7,747.44,4
14204,2,1,150.61,4
14205,16,2,466.7,4
14206,239,1,328.15999999999997,1
14208,94,1,151.74,4
14209,10,6,2073.43,4
14210,105,6,1905.8400000000001,4
14211,53,9,2241.1,4
14212,89,1,1070.48,4
14214,30,5,1004.38,4
14215,11,6,1789.72,4
14216,3,4,1839.3,4
14217,1,17,2004.98,0
14218,42,1,169.48000000000002,4
14219,4,1,89.94,4
14220,247,2,632.4,1
14221,42,9,3432.8,4
14222,177,1,683.17,1
14223,92,3,991.13,4
14224,110,4,1009.73,4
14226,28,5,2214.79,4
14227,26,10,3350.96,4
14229,51,3,1547.2,4
14231,183,3,925.71,1
14232,42,5,2048.07,4
14233,49,4,1462.72,4
14234,22,4,754.12,4
14235,75,5,3144.86,4
14236,80,2,490.86,4
14237,373,1,161.0,1
14238,326,1,146.85,1
14239,43,11,2380.85,4
14240,30,2,890.34,4
14241,183,1,213.70000000000002,1
14242,234,2,280.55,1
14243,8,10,2588.77,4
14245,219,2,1693.45,1
14246,110,3,1474.06,4
14247,278,1,136.76999999999998,1
14248,318,1,302.58,1
14250,7,3,1904.05,4
14251,1,5,2879.7000000000003,4
14256,260,2,969.0600000000001,1
14257,64,5,3099.7200000000003,4
14258,9,9,12669.98,4
14259,141,1,120.0,4
14261,50,2,1163.45,4
14262,8,8,2618.23,4
14264,154,2,333.97,1
14265,109,2,530.18,4
14267,162,3,1516.24,1
14270,331,1,492.65000000000003,1
14271,225,1,112.32,1
14272,73,2,437.96,4
14273,51,4,559.97,4
14276,98,3,1119.74,4
14277,15,3,4188.0,4
14280,196,1,134.04,1
14282,3,15,3701.44,0
14284,30,2,595.25,4
14285,21,4,1910.01,4
14286,23,3,4628.75,4
14287,8,3,176.63,4
14288,213,1,426.6,1
14289,8,6,911.26,4
14290,11,5,2314.65,4
14291,1,11,3883.25,4
14292,7,9,4871.93,4
14293,3,4,1046.56,4
14295,40,1,166.20000000000002,4
14297,17,4,1305.33,4
14298,8,44,51527.3,0
14299,8,9,3965.62,4
14300,18,1,43.2,4
14301,117,1,640.14,4
14304,222,1,383.45,1
14305,71,3,1858.96,4
14306,51,2,2093.32,4
14307,88,6,2995.72,4
14309,8,9,2352.53,4
14311,242,1,310.26,1
14312,46,6,1611.59,4
14314,106,1,120.0,4
14315,44,6,2481.13,4
14317,64,1,508.58000000000004,4
14320,206,2,477.79,1
14321,10,5,1530.75,4
14323,114,2,605.0600000000001,4
14326,242,1,183.85,1
14327,163,1,311.65,1
14329,17,7,4975.24,4
14331,124,2,462.65999999999997,4
14332,22,3,840.21,4
14333,67,1,415.2,4
14334,16,8,2552.21,4
14335,16,2,454.86,4
14336,16,4,1614.91,4
14338,161,2,588.22,1
14339,242,1,309.52,1
14340,218,1,134.7,1
14341,45,8,2166.98,4
14342,21,4,668.5600000000001,4
14344,127,8,889.9300000000001,4
14345,38,1,108.97999999999999,4
14346,120,2,1021.58,4
14348,260,1,409.57,1
14349,10,1,133.5,4
14350,274,1,282.93,1
14351,164,1,51.0,1
14352,157,4,1078.96,1
14353,215,1,90.6,1
14354,5,2,163.62,4
14355,365,1,174.4,1
14356,79,2,701.23,4
14357,43,1,225.12,4
14359,19,3,912.18,4
14360,31,4,2118.03,4
14362,22,1,151.5,4
14364,108,8,3717.35,4
14367,8,16,9227.82,0
14368,319,1,155.0,1
14371,295,1,100.5,1
14373,358,1,76.55,1
14375,185,1,235.56,1
14377,191,2,617.05,1
14379,44,2,348.1,4
14381,52,1,202.68,4
14382,26,1,615.49,4
14383,38,3,1247.69,4
14385,9,3,202.11,4
14386,296,1,142.4,1
14387,32,3,1727.6,4
14388,10,8,3212.84,4
14389,65,2,1043.46,4
14390,10,9,4642.57,4
14393,218,1,67.95,1
14395,2,9,3479.91,4
14396,65,2,487.99,4
14397,2,19,2612.96,0
14400,149,1,574.7,1
14401,4,13,4051.48,4
14403,130,4,1475.81,4
14404,33,6,1449.32,4
14406,119,1,156.75,4
14407,107,6,2157.73,4
14408,10,7,2599.03,4
14409,71,6,2059.4500000000003,4
14410,92,9,1100.27,4
14411,310,1,1063.0,1
14412,42,2,770.03,4
14413,362,1,121.05,1
14414,91,7,1496.98,4
14415,1,13,5855.57,0
14416,22,2,490.22,4
14418,3,3,1937.25,4
14419,10,6,1051.79,4
14420,99,1,387.52,4
14421,57,2,813.11,4
14422,0,6,4263.64,4
14423,218,1,265.2,1
14424,17,1,322.08,4
14426,23,10,4481.67,4
14427,50,2,363.34000000000003,4
14428,7,5,1224.06,4
14431,302,1,470.36,1
14432,9,6,2248.5,4
14434,21,6,1372.8,4
14436,98,1,89.06,4
14437,365,1,63.0,1
14438,306,1,131.9,1
14439,319,1,2661.24,1
14440,8,5,2357.6800000000003,4
14441,0,4,1712.89,4
14442,204,2,1589.82,1
14443,53,4,1420.2,4
14446,0,4,1010.35,4
14447,18,5,1163.23,4
14448,9,2,375.35,4
14449,18,4,885.8,4
14450,180,3,483.25,1
14451,60,2,643.9,4
14452,10,2,259.05,4
14453,190,1,119.93,1
14456,5,9,3017.28,4
14457,310,1,113.64,1
14459,155,1,1837.92,1
14460,110,3,434.34,4
14461,148,3,2103.06,1
14462,66,11,1980.57,4
14463,98,3,529.62,4
14465,246,3,1038.44,1
14466,29,7,2272.4,4
14467,17,4,596.26,4
14470,11,2,461.19,4
14472,103,8,1852.67,4
14473,74,2,234.34000000000003,4
14474,46,1,547.66,4
14475,71,3,925.85,4
14476,257,1,193.0,1
14477,19,4,1309.6,4
14479,253,2,316.25,1
14480,11,1,279.05,4
14481,164,2,636.51,1
14482,18,6,2022.81,4
14483,281,1,137.1,1
14484,50,1,321.92,4
14485,38,1,162.8,4
14487,26,6,1165.48,4
14488,67,1,1064.28,4
14489,207,1,463.38,1
14491,175,2,340.93,1
14493,7,5,2383.2400000000002,4
14494,25,1,139.56,4
14495,50,2,123.8,4
14496,311,2,538.8100000000001,1
14497,309,1,475.37,1
14498,42,5,1957.32,4
14499,26,3,808.44,4
14500,88,3,356.85,4
14501,183,2,251.21,1
14502,19,11,2429.83,4
14503,3,6,3543.26,4
14504,47,4,673.26,4
14505,17,8,5859.43,4
14506,17,5,1960.65,4
14507,23,6,1367.88,4
14508,22,2,268.05,4
14511,11,5,1314.81,4
14512,187,2,275.28,1
14513,100,3,455.59000000000003,4
14514,61,3,990.2,4
14515,17,6,2076.89,4
14517,33,2,330.45,4
14518,64,1,174.37,4
14520,1,2,270.6,4
14522,24,4,974.54,4
14523,108,1,241.09,4
14524,31,9,1843.83,4
14525,19,9,4215.9,4
14527,2,55,8507.13,0
14528,37,1,364.21999999999997,4
14529,60,3,578.61,4
14530,25,6,2862.11,4
14532,236,4,932.85,1
14533,24,7,1949.72,4
14534,2,18,4397.3,0
14535,60,3,2854.84,4
14536,259,1,170.95,1
14537,57,1,355.56,4
14538,64,2,388.25,4
14539,15,2,537.48,4
14540,9,3,952.66,4
14541,58,8,1453.35,4
14542,185,1,103.25,1
14543,28,16,3599.73,0
14544,24,2,2004.3,4
14546,5,5,2573.93,4
14547,3,8,3974.75,4
14548,150,2,652.8,1
14549,311,1,289.24,1
14550,10,2,757.37,4
14551,18,2,186.23,4
14552,151,1,164.22,1
14553,19,5,859.27,4
14554,10,4,2279.4900000000002,4
14555,57,2,312.54,4
14557,85,1,788.38,4
14560,7,22,2237.77,0
14561,75,3,1080.76,4
14562,3,18,5006.77,0
14565,95,4,3099.12,4
14566,110,1,1432.0,4
14567,56,2,1530.3600000000001,4
14569,1,1,227.39,4
14570,280,2,218.06,1
14572,3,7,2804.54,4
14573,179,9,1639.82,1
14576,372,1,35.400000000000006,1
14577,12,4,859.71,4
14578,3,1,168.63,4
14581,16,1,138.6,4
14582,40,1,114.11,4
14583,5,5,986.96,4
14584,169,4,1033.06,1
14585,50,1,157.05,4
14586,276,1,237.36,1
14587,18,9,1580.29,4
14589,371,1,39.75,1
14591,15,4,1320.21,4
14592,35,3,557.94,4
14593,21,3,617.15,4
14594,7,2,363.33,4
14595,19,6,1740.6,4
14597,11,2,866.24,4
14598,44,1,221.97,4
14600,305,1,393.33000000000004,1
14601,10,1,213.96,4
14603,274,1,660.0,1
14606,1,93,12076.15,2
14607,15,14,16209.5,0
14608,4,4,1785.15,4
14609,72,4,601.56,4
14616,242,3,406.08000000000004,1
14618,9,3,553.44,4
14619,245,1,394.44,1
14620,205,2,412.78000000000003,1
14621,1,5,1788.3600000000001,4
14622,184,1,320.58000000000004,1
14623,32,5,886.7,4
14624,57,2,225.85,4
14625,196,2,899.63,1
14626,23,4,2791.27,4
14628,91,2,671.96,4
14629,4,2,955.26,4
14631,50,3,1006.98,4
14632,262,1,114.56,1
14633,266,1,344.90000000000003,1
14636,36,2,609.85,4
14638,50,1,443.6,4
14639,52,6,2984.49,4
14640,24,6,2107.38,4
14641,21,1,110.46,4
14642,58,1,96.12,4
14643,170,2,693.8100000000001,1
14644,67,2,830.76,4
14645,156,2,597.09,1
14646,1,74,280206.02,3
14647,201,1,236.04000000000002,1
14649,4,4,1402.59,4
14651,67,2,653.75,4
14652,77,1,114.18,4
14653,1,7,1926.65,4
14655,8,4,1932.23,4
14656,169,2,291.05,1
14657,17,4,848.22,4
14658,5,2,247.15,4
14659,8,9,2529.93,4
14660,86,2,285.74,4
14661,26,1,107.95,4
14662,28,4,741.37,4
14664,19,2,636.24,4
14665,60,5,1835.7,4
14666,24,1,195.25,4
14667,10,25,9175.04,0
14669,241,3,1259.24,1
14670,280,2,392.86,1
14672,234,2,765.55,1
14673,3,5,1736.4,4
14675,16,1,596.36,4
14676,31,6,2548.2400000000002,4
14680,25,16,28754.11,0
14681,71,3,498.95,4
14682,187,2,52.0,1
14684,25,5,1201.51,4
14687,106,1,628.38,4
14688,7,21,5579.1,0
14689,208,1,112.8,1
14690,44,2,355.05,4
14691,30,5,2114.33,4
14692,137,4,591.55,4
14693,264,1,172.9,1
14696,4,7,2078.95,4
14697,218,2,188.60999999999999,1
14698,1,5,1217.27,4
14699,214,1,109.13000000000001,1
14700,32,3,2195.1,4
14701,10,9,2526.09,4
14702,1,17,3251.79,0
14703,14,1,318.17,4
14704,11,9,1493.96,4
14705,198,1,179.0,1
14708,2,3,1126.37,4
14709,15,13,4921.04,0
14710,14,4,599.48,4
14711,10,11,2839.62,4
14712,29,3,917.07,4
14713,9,11,2662.2,4
14714,24,1,160.19,4
14715,24,4,867.38,4
14716,43,2,307.51,4
14719,1,5,1581.84,4
14720,5,3,663.81,4
14722,147,1,180.42000000000002,1
14723,10,6,1122.3600000000001,4
14725,24,1,655.58,4
14727,274,1,268.58,1
14729,373,1,313.49,1
14730,1,8,1897.57,4
14731,47,3,380.02,4
14732,8,8,2702.4900000000002,4
14733,16,12,9585.91,0
14735,3,32,6065.69,0
14737,3,3,1164.55,4
14738,42,7,1314.45,4
14739,4,7,3902.28,4
14740,197,3,1448.21,1
14741,11,6,1400.34,4
14744,16,7,1099.98,4
14745,112,5,1220.26,4
14747,249,1,328.2,1
14748,29,5,1415.75,4
14752,43,1,389.64,4
14753,87,1,563.15,4
14754,44,2,638.05,4
14755,9,11,5010.28,4
14756,15,1,738.96,4
14757,75,1,420.5,4
14758,144,4,1484.06,4
14759,4,3,1625.97,4
14760,297,1,89.2,1
14761,58,2,255.9,4
14762,263,1,300.52,1
14764,46,1,278.3,4
14765,29,3,254.11,4
14766,8,6,2473.37,4
14768,17,2,192.60000000000002,4
14769,2,8,10416.98,4
14770,232,2,876.42,1
14772,112,1,139.26,4
14775,58,3,1011.9,4
14776,51,11,2538.3,4
14778,127,2,730.86,4
14779,280,3,386.15,1
14780,54,2,447.68,4
14782,319,1,200.10000000000002,1
14784,26,2,289.99,4
14785,10,2,77.4,4
14788,7,2,679.4399999999999,4
14789,28,1,197.64,4
14790,16,4,745.06,4
14792,63,1,6.2,4
14793,21,1,228.99,4
14794,2,7,1319.91,4
14795,166,1,131.45000000000002,1
14796,1,17,7975.49,0
14798,52,3,173.74,4
14799,51,1,157.7,4
14800,47,12,4331.79,4
14801,61,1,189.34,4
14803,162,3,845.55,1
14804,8,1,353.27,4
14805,15,4,546.4,4
14806,75,1,193.39000000000001,4
14808,39,8,2718.6,4
14810,40,11,2085.33,4
14813,369,2,152.88,1
14815,36,2,778.5,4
14816,197,1,271.85,1
14817,200,2,1110.34,1
14818,73,3,657.8,4
14819,64,2,272.07,4
14820,21,4,507.29,4
14821,366,1,48.800000000000004,1
14823,180,3,321.43,1
14824,10,4,1127.71,4
14825,3,12,2221.01,4
14828,196,3,2139.76,1
14829,29,4,697.55,4
14830,53,1,188.88,4
14834,17,6,1720.3,4
14836,10,3,102.44999999999999,4
14837,89,4,1649.5,4
14840,267,1,62.85,1
14841,53,6,3295.76,4
14842,43,4,2824.69,4
14844,63,4,3189.81,4
14847,148,1,309.4,1
14849,21,25,7930.54,0
14850,311,1,325.75,1
14851,23,2,511.35,4
14852,58,6,2836.69,4
14853,24,2,475.8,4
14854,78,7,2740.03,4
14855,119,2,645.65,4
14856,36,3,1290.53,4
14857,59,2,1173.12,4
14859,12,4,1353.74,4
14860,19,1,170.32,4
14861,52,1,125.79,4
14862,25,2,841.1999999999999,4
14863,29,1,266.76,4
14865,7,2,52.2,4
14866,10,12,14389.9,0
14867,185,3,710.28,1
14868,3,8,2953.59,4
14869,8,2,721.45,4
14870,261,1,327.25,1
14871,3,4,501.28000000000003,4
14873,210,1,519.68,1
14875,107,2,1465.3200000000002,4
14878,12,9,1476.09,4
14880,77,3,690.59,4
14881,19,1,255.4,4
14882,26,2,589.7,4
14883,18,6,761.59,4
14885,131,1,765.3199999999999,4
14886,252,1,364.8,1
14887,79,1,1862.0,4
14888,207,1,369.2,1
14889,336,1,135.9,1
14890,253,1,125.65,1
14891,148,2,554.38,1
14893,9,2,1237.8500000000001,4
14894,85,1,655.75,4
14895,7,20,11138.710000000001,0
14896,204,2,468.77000000000004,1
14897,7,4,1366.38,4
14898,23,6,1269.31,4
14901,11,9,1421.29,4
14902,25,1,332.66,4
14903,21,5,2795.33,4
14904,2,2,1025.44,4
14905,157,2,616.15,1
14907,3,7,3501.1,4
14908,74,1,277.8,4
14910,2,4,434.35,4
14911,1,201,143711.17,2
14912,16,2,867.85,4
14913,35,4,1227.43,4
14915,91,2,307.48,4
14916,70,4,1268.98,4
14918,115,2,1610.15,4
14920,212,2,977.77,1
14921,30,2,1316.07,4
14923,50,1,749.1,4
14924,245,1,310.05,1
14929,32,1,223.88,4
14930,108,3,2362.96,4
14931,4,5,1257.68,4
14932,365,1,363.53,1
14934,81,2,1890.94,4
14935,297,1,1784.71,1
14936,33,8,8137.02,4
14937,56,3,1621.88,4
14944,29,12,5900.25,4
14946,14,1,100.9,4
14947,72,2,290.82,4
14948,23,6,1101.97,4
14950,19,1,371.2,4
14951,79,1,311.69,4
14952,59,11,8099.49,4
14953,25,1,285.67,4
14954,12,1,294.85,4
14957,253,1,58.49,1
14958,147,3,483.72999999999996,1
14959,64,4,695.42,4
14960,8,2,221.27,4
14961,10,9,7044.68,4
14962,270,1,126.7,1
14963,9,5,1472.34,4
14964,247,1,206.21,1
14965,96,2,596.09,4
14966,14,1,183.02,4
14967,49,1,463.8,4
14968,30,1,147.59,4
14970,68,4,1592.06,4
14971,35,3,1097.98,4
14972,128,1,114.77,4
14973,107,3,1314.45,4
14974,37,1,89.94,4
14975,57,1,279.94,4
14976,57,7,790.86,4
14978,72,5,1921.3700000000001,4
14981,246,1,102.12,1
14984,19,2,202.37,4
14985,198,2,292.01,1
14987,15,2,326.4,4
14988,211,1,334.54,1
14995,38,2,231.98000000000002,4
14997,46,3,546.1999999999999,4
14998,170,2,414.87,1
15000,47,1,490.52,4
15002,115,4,1641.76,4
15004,147,1,1220.77,1
15005,15,28,6295.37,0
15006,51,1,480.38,4
15007,159,1,156.91,1
15009,12,3,1259.43,4
15010,35,1,308.94,4
15012,53,2,405.04,4
15014,43,2,257.67,4
15016,172,1,170.04,1
15017,33,1,125.58,4
15018,38,3,496.21000000000004,4
15019,266,1,252.81,1
15021,8,9,1871.77,4
15022,11,4,852.39,4
15023,3,11,6720.41,4
15024,9,10,1636.43,4
15025,33,1,361.96,4
15026,80,3,469.0,4
15027,30,4,1066.1499999999999,4
15028,8,4,627.13,4
15030,71,2,518.28,4
15031,4,4,653.19,4
15032,256,3,4959.1,1
15033,4,10,2557.18,4
15034,15,8,4274.16,4
15035,89,1,252.73000000000002,4
15036,72,3,429.56,4
15038,58,6,685.74,4
15039,9,47,19766.59,0
15041,170,1,179.93,1
15042,199,1,135.93,1
15043,31,1,537.0,4
15044,19,17,7634.7300000000005,0
15045,151,2,735.66,1
15046,9,15,5090.42,0
15047,269,1,343.62,1
15048,65,4,381.0,4
15049,273,1,121.17000000000002,1
15050,25,3,1737.69,4
15051,23,3,1383.3600000000001,4
15052,319,1,207.73000000000002,1
15053,4,3,693.95,4
15054,12,2,302.1,4
15057,275,2,1489.5,1
15058,25,11,2102.54,4
15059,40,9,1337.72,4
15060,8,4,294.25,4
15061,3,48,54534.14,0
15062,71,4,987.86,4
15063,213,1,370.79999999999995,1
15065,37,4,3158.13,4
15066,53,1,893.59,4
15067,78,3,1744.76,4
15068,46,2,553.36,4
15069,179,1,1109.53,1
15070,372,1,106.2,1
15071,93,2,982.07,4
15073,9,3,1043.41,4
15074,105,1,735.67,4
15075,77,1,773.03,4
15076,172,1,880.85,1
15078,7,32,9743.11,0
15079,212,4,895.61,1
15081,22,5,504.8,4
15083,256,1,88.2,1
15087,281,1,306.94,1
15088,21,2,1160.07,4
15089,10,6,2420.84,4
15090,308,1,381.32,1
15091,67,1,480.71,4
15092,215,2,457.81,1
15093,18,6,4597.02,4
15095,103,4,1370.6,4
15096,42,1,219.39000000000001,4
15097,4,1,248.08,4
15098,182,3,39916.5,0
15099,84,1,410.48,4
15100,333,3,876.0,1
15101,8,2,317.53,4
15103,31,2,703.36,4
15104,196,2,993.54,1
15105,18,7,2298.93,4
15106,17,5,1422.52,4
15107,311,6,319.5,1
15108,141,4,1300.25,4
15109,245,1,484.95,1
15110,23,4,996.1,4
15111,29,3,1567.48,4
15113,9,3,3509.43,4
15114,30,10,2760.56,4
15115,18,1,340.11,4
15116,17,4,1352.75,4
15117,14,5,1551.78,4
15118,134,1,244.8,4
15119,245,1,266.4,1
15120,133,1,358.82,4
15121,50,2,457.72,4
15122,114,3,1633.78,4
15123,7,2,2199.31,4
15124,22,2,184.19,4
15125,25,15,11528.48,0
15127,65,1,406.53,4
15128,60,4,1471.0,4
15129,50,11,3447.4,4
15130,169,1,330.11,1
15132,18,5,977.9300000000001,4
15133,127,3,982.42,4
15134,14,8,1387.99,4
15135,239,1,139.05,1
15136,2,4,1286.7,4
15139,239,2,178.96,1
15140,52,7,2354.25,4
15142,46,1,498.74,4
15143,225,1,259.45,1
15144,8,17,6580.44,0
15145,4,4,1194.73,4
15146,164,2,1327.16,1
15147,240,1,623.5,1
15148,10,1,301.29,4
15149,133,1,520.8000000000001,4
15150,17,10,5291.33,4
15152,9,13,4745.69,0
15153,31,1,329.25,4
15154,75,1,254.28,4
15156,1,3,961.49,4
15157,3,3,1936.07,4
15158,45,1,401.40000000000003,4
15159,1,30,18641.010000000002,0
15160,357,1,158.16,1
15163,18,2,304.47,4
15164,68,3,824.58,4
15165,373,1,487.75,1
15167,320,1,158.8,1
15168,25,1,106.56,4
15171,331,1,1289.5,1
15172,8,5,1624.05,4
15174,322,1,135.75,1
15175,71,1,224.14,4
15178,260,1,40.5,1
15179,18,5,2206.95,4
15180,367,1,87.5,1
15181,66,3,689.4799999999999,4
15182,154,2,622.85,1
15184,29,2,402.2,4
15185,70,1,310.62,4
15186,14,2,411.41,4
15187,1,16,4777.18,0
15189,1,41,16225.39,0
15192,119,3,1044.32,4
15193,60,1,499.32,4
15194,3,15,7616.53,0
15195,2,1,3861.0,4
15197,10,3,1079.6100000000001,4
15198,92,2,193.64,4
15199,59,4,1268.7,4
15201,87,5,1236.54,4
15203,25,6,1827.8,4
15204,357,1,316.58,1
15205,85,2,653.24,4
15206,10,4,420.29999999999995,4
15208,1,5,870.12,4
15210,225,1,331.18,1
15211,60,2,894.4100000000001,4
15212,241,1,101.8,1
15213,318,2,328.35,1
15214,1,8,1661.44,4
15215,46,3,734.94,4
15216,87,1,96.6,4
15218,10,11,5756.89,4
15219,176,1,305.75,1
15220,51,6,1778.96,4
15221,366,1,403.25,1
15222,318,1,585.0,1
15223,225,2,755.75,1
15224,358,2,322.08,1
15225,234,1,409.40000000000003,1
15226,310,1,154.41,1
15227,36,5,1219.4,4
15228,66,4,3386.71,4
15230,239,2,429.6,1
15232,113,2,612.06,4
15234,276,1,197.0,1
15235,217,12,2247.51,1
15236,298,1,321.05,1
15237,1,4,1412.32,4
15238,29,3,1071.99,4
15239,10,2,780.59,4
15240,44,5,1706.57,4
15241,66,8,1756.44,4
15243,74,1,316.68,4
15244,65,2,631.57,4
15245,134,3,2515.84,4
15246,238,2,514.15,1
15247,122,1,356.0,4
15249,31,13,6688.46,0
15251,9,11,10484.99,0
15252,36,2,740.78,4
15253,16,5,918.1999999999999,4
15254,127,1,300.36,4
15255,66,1,890.85,4
15256,148,1,98.45,1
15257,283,1,317.15,1
15258,168,2,623.16,1
15260,100,7,1810.77,4
15261,135,1,254.82,4
15262,323,1,178.95000000000002,1
15263,106,1,156.51,4
15264,64,1,393.74,4
15265,151,2,1506.1200000000001,1
15266,338,1,119.3,1
15267,22,5,1717.36,4
15269,23,1,408.8,4
15270,15,7,2379.49,4
15271,7,15,2493.34,0
15272,57,2,721.94,4
15274,4,2,716.57,4
15275,37,1,615.14,4
15276,66,1,128.63,4
15277,46,1,255.89999999999998,4
15279,354,1,290.51,1
15280,172,1,113.12,1
15281,58,9,2332.15,4
15286,49,1,240.55,4
15287,22,2,486.69,4
15288,43,5,2306.52,4
15289,29,3,939.78,4
15290,4,18,7943.22,0
15291,25,15,4668.3,0
15292,201,1,178.39,1
15296,50,6,3672.86,4
15297,10,3,641.94,4
15298,2,12,4799.9,4
15299,67,7,4507.01,4
15300,64,1,496.44,4
15301,50,12,5049.95,4
15303,290,1,574.02,1
15304,60,8,694.4000000000001,4
15306,64,3,1174.35,4
15307,95,1,205.3,4
15308,274,1,310.47,1
15311,0,91,60632.75,2
15312,75,4,924.85,4
15313,110,1,52.0,4
15314,199,1,327.97,1
15315,64,2,570.5,4
15316,326,1,165.0,1
15318,3,1,312.62,4
15319,283,1,204.5,1
15320,44,1,267.13,4
15321,70,3,2748.31,4
15322,85,1,679.68,4
15325,103,1,161.74,4
15326,333,1,311.71,1
15327,52,1,208.75,4
15329,39,3,1049.7,4
15330,32,2,714.96,4
15332,366,4,1661.06,1
15333,208,1,1028.56,1
15334,156,3,350.82,1
15335,53,1,170.22,4
15339,66,2,574.07,4
15341,80,1,2020.52,4
15342,129,1,406.09,4
15343,87,1,364.5,4
15344,0,3,563.94,4
15345,45,1,393.54,4
15346,332,1,252.42000000000002,1
15347,366,1,201.60000000000002,1
15348,72,1,158.04,4
15349,158,2,463.90999999999997,1
15350,373,1,115.65,1
15351,12,7,1934.66,4
15353,254,2,770.12,1
15355,29,2,277.05,4
15356,31,10,2718.03,4
15358,4,22,8347.2,0
15360,39,1,427.93,4
15361,361,1,418.92,1
15363,372,1,326.0,1
15364,95,2,913.19,4
15365,25,7,2314.32,4
15366,75,2,602.51,4
15367,57,4,1877.59,4
15368,21,1,446.94000000000005,4
15370,40,7,2386.05,4
15372,137,1,2007.3999999999999,4
15373,8,12,2415.91,4
15374,128,1,168.0,4
15376,40,3,1221.56,4
15379,169,7,3703.29,1
15380,8,5,1690.2600000000002,4
15381,213,2,596.85,1
15382,14,6,5955.71,4
15384,169,2,642.41,1
15385,40,1,316.88,4
15386,186,1,394.14,1
15388,270,1,140.54,1
15389,172,1,500.0,1
15392,4,4,1535.53,4
15393,16,2,231.86,4
15394,9,4,2183.54,4
15395,325,1,107.45,1
15396,112,1,288.18,4
15397,289,1,94.0,1
15398,16,2,1345.53,4
15399,1,3,815.77,4
15400,92,5,716.2,4
15402,148,2,626.77,1
15405,189,1,349.1,1
15406,31,2,510.71000000000004,4
15407,33,4,1046.74,4
15408,264,1,267.18,1
15410,84,8,3450.84,4
15411,26,4,1348.93,4
15412,171,1,190.53,1
15414,9,3,774.9000000000001,4
15415,313,1,559.61,1
15416,64,4,3984.32,4
15417,85,1,508.8,4
15419,24,1,135.86,4
15421,58,4,950.36,4
15422,323,2,97.7,1
15423,38,1,43.5,4
15424,254,2,383.34,1
15426,19,5,1404.07,4
15427,33,3,1430.54,4
15428,15,1,93.78,4
15429,26,2,397.35,4
15432,23,1,171.19,4
15433,213,2,533.3,1
15434,8,5,1041.48,4
15435,22,1,149.29,4
15436,12,3,1067.75,4
15437,262,1,200.16,1
15438,131,1,156.57999999999998,4
15440,54,3,383.68,4
15442,248,1,594.0,1
15443,1,7,3213.59,4
15444,9,2,1411.21,4
15445,264,1,113.5,1
15447,330,1,155.17,1
15448,312,1,494.64,1
15449,26,3,974.52,4
15450,30,1,429.84,4
15452,29,3,528.48,4
15453,1,7,1371.77,4
15454,362,1,179.1,1
15456,283,3,434.59000000000003,1
15457,262,1,237.07,1
15458,25,1,161.64,4
15460,354,1,214.26,1
15462,94,3,234.6,4
15463,29,1,126.14,4
15464,338,1,1044.65,1
15465,19,18,7354.62,0
15466,85,1,334.53,4
15467,9,3,524.88,4
15468,51,2,467.51,4
15469,50,2,538.55,4
15471,2,1,454.48,4
15472,113,1,371.56,4
15473,14,7,1771.2,4
15475,77,1,454.10999999999996,4
15478,40,2,1399.92,4
15480,116,1,905.5,4
15482,15,12,10879.76,0
15483,161,4,225.26,1
15484,1,4,3590.41,4
15485,30,3,2564.5,4
15488,92,1,91.32000000000001,4
15489,22,3,1134.28,4
15491,95,6,3100.09,4
15492,28,2,659.4599999999999,4
15493,32,5,1953.41,4
15494,21,2,1280.58,4
15497,17,2,1262.2,4
15498,2,27,13316.4,0
15500,8,4,1131.56,4
15502,15,12,10384.93,0
15503,362,1,141.04,1
15504,81,1,52.83,4
15505,52,5,3610.96,4
15506,22,3,972.08,4
15507,171,1,475.86,1
15508,189,6,1000.27,1
15510,330,1,250.0,1
15511,11,5,900.53,4
15512,155,2,121.0,1
15513,33,19,14758.220000000001,0
15514,12,11,4023.7200000000003,4
15516,44,3,62.43,4
15517,233,1,267.03,1
15518,64,8,1921.55,4
15520,1,1,343.5,4
15521,40,8,3000.2,4
15522,32,2,397.99,4
15523,84,1,412.01000000000005,4
15524,24,1,440.0,4
15525,2,3,734.37,4
15526,33,2,148.44,4
15527,18,8,2428.53,4
15528,254,1,229.33,1
15529,22,11,3962.6,4
15530,21,4,1497.31,4
15531,8,2,1972.39,4
15532,25,4,1564.73,4
15533,19,3,807.57,4
15535,173,4,502.9,1
15537,163,1,110.92,1
15539,7,1,538.46,4
15540,11,1,213.3,4
15541,114,1,85.13000000000001,4
15543,288,1,127.86,1
15544,9,9,3546.71,4
15545,54,2,288.96999999999997,4
15547,7,14,4910.6,0
15549,77,3,1681.46,4
15550,4,4,575.63,4
15551,36,1,436.06,4
15552,217,1,90.12,1
15553,60,1,428.93,4
15554,277,1,217.2,1
15555,12,16,4794.86,0
15556,24,1,279.77,4
15557,28,1,468.91,4
15561,11,4,800.59,4
15562,351,1,134.55,1
15563,22,4,1400.44,4
15565,50,2,173.16,4
15567,18,1,186.01,4
15568,2,3,758.29,4
15569,103,5,1375.71,4
15570,7,12,4148.82,4
15571,11,4,650.4300000000001,4
15572,4,7,2533.42,4
15573,31,2,591.1899999999999,4
15574,177,4,675.64,1
15576,37,1,921.37,4
15577,151,3,258.88,1
15578,162,1,127.1,1
15579,68,2,327.6,4
15581,120,13,3675.77,4
15582,24,3,682.9100000000001,4
15584,23,4,720.86,4
15585,176,1,455.3,1
15587,50,4,913.6800000000001,4
15589,255,3,478.53000000000003,1
15592,46,1,388.58,4
15593,70,1,199.8,4
15594,15,5,1771.78,4
15596,100,5,1406.59,4
15597,35,1,324.57,4
15598,53,1,240.68,4
15599,26,2,761.74,4
15601,11,14,6776.56,0
15602,8,9,1297.8700000000001,4
15603,78,1,48.480000000000004,4
15604,52,1,216.39,4
15605,36,5,1198.23,4
15606,61,9,2920.16,4
15607,336,1,104.76,1
15608,28,4,1093.68,4
15609,184,1,298.48,1
15610,51,1,112.46000000000001,4
15611,9,13,1591.45,4
15612,36,2,195.15,4
15615,10,23,10399.74,0
15618,32,4,776.851,4
15619,10,1,336.40000000000003,4
15620,56,3,1553.18,4
15621,4,4,1293.03,4
15622,43,9,3709.56,4
15623,141,1,301.03,4
15624,116,4,588.13,4
15625,103,4,1534.26,4
15626,74,2,675.8,4
15628,4,9,2870.2400000000002,4
15630,45,2,1186.35,4
15632,15,8,3285.31,4
15634,17,1,243.55,4
15636,89,2,724.76,4
15637,52,1,223.36,4
15639,134,1,425.32,4
15640,4,15,12416.11,0
15641,105,4,1887.2,4
15643,191,3,664.0,1
15644,166,4,803.54,1
15645,18,1,612.01,4
15646,157,3,447.64000000000004,1
15648,204,2,639.5,1
15649,336,2,816.0,1
15651,36,3,646.3,4
15652,91,1,337.74,4
15653,92,2,877.4399999999999,4
15654,9,2,922.53,4
15655,243,1,560.67,1
15656,45,4,748.5,4
15657,22,1,30.0,4
15658,190,5,1024.1000000000001,1
15659,43,1,306.45,4
15660,25,9,1600.86,4
15661,317,2,309.8,1
15663,106,1,138.14,4
15664,50,1,386.43,4
15665,168,2,2222.21,1
15667,39,1,301.32,4
15668,217,1,76.32000000000001,1
15669,40,4,684.34,4
15670,296,1,173.05,1
15671,18,7,2657.13,4
15673,88,4,2726.23,4
15674,73,5,2446.6,4
15675,81,3,323.69,4
15676,18,3,3435.76,4
15677,49,1,657.23,4
15678,52,1,352.7,4
15679,24,4,781.28,4
15680,9,3,1333.68,4
15681,25,5,1426.16,4
15683,117,1,193.75,4
15687,8,9,2993.1,4
15689,119,2,254.1,4
15690,4,2,239.76,4
15691,252,1,136.8,1
15692,28,1,191.04,4
15694,0,14,6479.4,0
15695,266,2,409.98,1
15696,33,8,2711.11,4
15699,17,1,309.65,4
15700,172,2,696.68,1
15701,2,4,1529.0,4
15703,264,1,211.5,1
15704,140,4,2293.62,4
15705,201,1,143.1,1
15706,63,4,1060.56,4
15707,35,4,916.98,4
15708,40,7,3235.25,4
15709,283,1,133.25,1
15712,9,5,1072.3600000000001,4
15713,143,2,356.7,4
15714,11,2,330.03000000000003,4
15716,145,4,1101.1100000000001,4
15717,234,1,150.3,1
15719,32,13,5030.07,4
15720,24,1,598.73,4
15721,11,1,471.40000000000003,4
15722,35,5,2211.21,4
15723,364,1,190.7,1
15724,201,2,218.25,1
15725,15,1,415.25,4
15727,16,7,5159.06,4
15729,212,1,85.0,1
15730,65,3,1120.88,4
15732,212,2,294.12,1
15733,282,1,162.3,1
15734,114,2,1339.45,4
15737,14,8,1188.1200000000001,4
15738,18,16,4812.42,0
15739,66,1,449.12,4
15740,49,1,154.88,4
15743,16,4,775.96,4
15744,77,1,34.8,4
15745,19,4,1094.59,4
15746,134,1,196.88,4
15747,12,3,946.64,4
15748,40,1,144.36,4
15749,235,3,44534.3,0
15750,2,8,2463.05,4
15752,39,7,2626.6,4
15753,304,1,79.2,1
15754,51,3,458.57,4
15755,10,6,2364.25,4
15756,61,4,528.01,4
15757,65,2,714.42,4
15758,24,1,205.25,4
15759,218,3,253.04,1
15762,65,2,583.75,4
15763,31,2,1086.92,4
15764,88,6,3279.97,4
15766,64,1,315.06,4
15768,115,3,621.8299999999999,4
15769,7,26,56252.72,0
15773,5,1,635.6800000000001,4
15774,68,1,270.8,4
15775,245,1,104.9,1
15776,133,1,241.62,4
15777,241,4,1047.11,1
15780,183,3,475.28000000000003,1
15781,25,3,345.46,4
15782,9,3,2614.7400000000002,4
15783,10,1,246.3,4
15785,32,5,2328.9700000000003,4
15786,46,3,4919.0,4
15787,26,3,933.26,4
15789,358,1,351.3,1
15790,10,1,218.75,4
15791,43,2,1612.69,4
15793,14,3,965.61,4
15795,149,1,610.01,1
15796,1,8,2708.61,4
15797,113,4,2207.4,4
15799,75,3,884.14,4
15800,107,2,696.89,4
15801,46,3,1063.95,4
15802,142,1,451.42,4
15803,51,1,415.82000000000005,4
15804,0,13,4206.39,4
15805,23,17,5488.18,0
15806,46,3,784.58,4
15807,50,3,903.9,4
15808,306,4,3651.27,1
15809,36,5,515.77,4
15810,78,4,1391.98,4
15811,22,6,2218.62,4
15812,107,5,1801.14,4
15813,207,2,1303.9099999999999,1
15814,16,4,1945.33,4
15815,63,5,2100.6,4
15819,49,4,1905.45,4
15820,319,1,206.98,1
15821,44,2,570.96,4
15822,3,2,885.47,4
15823,372,1,15.0,1
15825,172,1,532.94,1
15826,56,3,1654.31,4
15827,73,14,1836.0900000000001,4
15829,99,2,636.14,4
15830,37,1,576.0,4
15831,58,3,794.64,4
15832,254,1,836.79,1
15834,70,4,2225.15,4
15835,44,4,954.09,4
15836,50,1,137.37,4
15837,64,1,391.98,4
15838,11,19,33643.08,0
15839,33,3,1048.49,4
15840,58,2,355.56,4
15841,72,4,1224.06,4
15843,303,1,118.95000000000002,1
15844,46,1,130.73999999999998,4
15845,17,8,3711.77,4
15847,38,2,389.27,4
15850,19,2,234.88,4
15852,186,2,160.71,1
15853,51,1,110.8,4
15854,4,12,2969.12,4
15855,136,5,712.24,4
15856,4,27,16143.64,0
15857,18,1,297.0,4
15858,15,5,1427.57,4
15860,40,8,965.16,4
15861,12,8,3146.92,4
15862,8,4,832.88,4
15863,25,2,68.84,4
15864,22,6,1936.3200000000002,4
15865,40,3,895.13,4
15866,101,1,211.89,4
15867,5,15,3810.14,0
15869,277,2,149.64,1
15870,32,1,351.44,4
15872,14,2,316.25,4
15874,63,7,4405.88,4
15877,1,2,490.33,4
15880,369,1,329.03000000000003,1
15881,312,5,501.39000000000004,1
15882,198,4,516.36,1
15883,2,2,396.48,4
15885,92,3,379.35,4
15886,60,1,181.09,4
15888,80,1,168.31,4
15889,156,2,420.07,1
15891,226,1,511.68,1
15894,253,2,258.25,1
15895,149,1,179.17,1
15897,194,2,208.59,1
15898,1,5,1383.83,4
15899,368,1,56.25,1
15900,23,1,337.28,4
15901,16,3,351.73,4
15903,9,7,5126.76,4
15904,8,1,164.68,4
15906,19,7,1567.69,4
15907,3,3,882.72,4
15909,173,1,191.94,1
15910,0,8,1228.88,4
15912,178,2,264.62,1
15916,16,8,1502.8600000000001,4
15917,247,1,123.1,1
15918,190,2,334.23,1
15919,19,2,525.69,4
15920,154,4,167.5,1
15921,172,1,323.03000000000003,1
15922,373,1,369.5,1
15923,372,1,127.08,1
15925,194,1,207.15,1
15930,67,1,426.63,4
15932,4,8,2495.87,4
15933,21,3,1107.46,4
15935,239,2,416.86,1
15937,64,1,145.35,4
15938,112,5,404.58,4
15939,89,15,6115.01,0
15940,311,1,35.8,1
15942,133,1,337.44,4
15944,276,1,325.1,1
15945,365,1,181.0,1
15947,82,1,1708.24,4
15948,8,2,955.24,4
15949,16,2,364.72,4
15950,31,4,1744.71,4
15951,8,2,708.22,4
15952,33,4,781.91,4
15953,15,8,1657.28,4
15955,24,14,4416.26,0
15957,31,1,428.89,4
15958,74,1,104.35,4
15963,19,2,470.76,4
15965,17,4,808.87,4
15967,23,2,397.68,4
15969,2,3,666.1,4
15970,303,1,314.1,1
15971,17,12,4199.85,4
15973,366,1,307.82000000000005,1
15974,39,7,3442.15,4
15975,84,1,371.01,4
15976,165,2,427.64,1
15977,17,2,1054.73,4
15978,77,1,1098.78,4
15980,88,3,2398.86,4
15981,24,8,3408.48,4
15983,22,4,1465.12,4
15984,2,10,2780.63,4
15985,123,2,1142.42,4
15986,30,1,168.12,4
15987,12,7,1432.77,4
15988,19,1,156.78,4
15990,44,2,792.11,4
15992,3,1,41.989999999999995,4
15993,8,7,2777.67,4
15994,54,1,414.27,4
15996,88,6,1032.58,4
15998,36,5,3080.22,4
16000,2,3,12393.7,4
16003,29,5,2735.37,4
16005,12,4,578.71,4
16006,211,1,101.4,1
16007,47,4,1693.81,4
16008,23,3,478.78,4
16009,22,4,972.11,4
16010,245,3,392.4,1
16011,8,16,3352.96,0
16012,35,3,1415.29,4
16013,3,47,37130.6,0
16014,37,3,646.83,4
16015,3,3,704.55,4
16016,3,8,1465.51,4
16017,47,1,211.88,4
16018,39,2,408.90000000000003,4
16019,46,9,3786.2400000000002,4
16020,16,3,851.01,4
16022,260,1,602.63,1
16023,46,3,719.81,4
16024,12,1,251.03,4
16025,29,1,439.65999999999997,4
16026,43,1,236.09,4
16027,91,6,934.62,4
16029,38,63,80850.84,2
16030,309,1,331.24,1
16031,92,2,547.9,4
16033,5,20,8778.82,0
16034,196,3,437.7,1
16036,87,2,758.92,4
16037,269,3,855.02,1
16038,7,3,471.78000000000003,4
16040,65,3,1313.55,4
16041,30,3,3166.4,4
16042,22,5,1177.47,4
16043,37,4,773.99,4
16045,119,4,1340.7,4
16048,373,2,256.44,1
16049,40,3,1074.81,4
16050,173,1,137.9,1
16052,54,1,362.06,4
16053,32,2,1511.95,4
16054,145,1,783.9,1
16055,220,1,134.8,1
16056,45,1,650.75,4
16057,16,7,2263.12,4
16059,65,6,1453.16,4
16062,9,4,1153.62,4
16063,260,1,335.32,1
16065,365,1,367.14,1
16066,16,5,1521.04,4
16070,22,2,852.15,4
16071,44,1,326.24,4
16072,288,1,584.3199999999999,1
16073,297,1,122.39999999999999,1
16076,3,10,2234.73,4
16078,283,1,79.2,1
16079,16,3,1352.0,4
16080,81,2,217.16,4
16081,56,5,2799.42,4
16083,100,2,1317.62,4
16084,299,1,436.18,1
16085,23,5,981.51,4
16086,59,5,1121.39,4
16091,154,2,315.06,1
16092,114,3,817.86,4
16093,106,1,17.0,4
16094,11,4,1078.23,4
16096,264,1,320.62,1
16097,240,1,185.04999999999998,1
16098,87,7,2005.63,4
16099,50,3,731.9,4
16101,70,1,1290.7,4
16102,42,3,1842.14,4
16103,7,6,1429.64,4
16104,61,1,298.21,4
16105,248,1,336.96,1
16106,65,1,108.38,4
16107,17,7,3204.1600000000003,4
16108,84,1,842.5,4
16109,218,2,611.88,1
16110,45,3,1320.95,4
16112,143,4,195.73999999999998,4
16113,183,1,161.38,1
16114,170,1,135.75000000000003,1
16115,9,8,1660.8799999999999,4
16116,211,1,612.78,1
16117,189,1,232.21,1
16119,8,2,423.36,4
16120,59,4,1309.14,4
16121,57,2,854.66,4
16122,73,4,684.4200000000001,4
16123,51,1,307.78,4
16124,317,1,249.0,1
16125,367,1,289.35,1
16126,29,4,6287.77,4
16127,39,1,656.25,4
16128,17,5,1880.22,4
16131,51,6,3506.54,4
16133,3,33,14589.04,0
16134,21,2,618.09,4
16135,262,1,517.55,1
16136,59,3,709.38,4
16139,18,3,635.41,4
16140,65,2,725.18,4
16141,88,1,620.4,4
16142,249,1,535.34,1
16143,3,6,2424.94,4
16144,246,1,175.2,1
16145,8,11,3799.4900000000002,4
16146,157,3,734.13,1
16147,133,1,375.0,4
16148,296,1,76.32000000000001,1
16149,4,2,280.52,4
16150,42,5,2053.02,4
16152,268,1,1829.04,1
16153,49,5,1824.23,4
16156,8,9,3092.04,4
16157,15,3,656.69,4
16159,281,1,348.2,1
16160,65,2,1025.44,4
16161,1,19,5533.67,0
16162,252,1,37.4,1
16163,232,2,856.6,1
16164,17,3,822.48,4
16168,10,27,3787.6,0
16169,8,4,1822.97,4
16170,50,6,1885.05,4
16171,59,1,73.2,4
16172,95,5,1140.21,4
16173,15,6,1418.32,4
16174,126,3,1009.5500000000001,4
16175,94,4,1037.59,4
16177,50,1,331.95,4
16178,138,1,197.9,4
16179,60,1,215.83,4
16180,100,8,10254.18,4
16181,73,1,305.54,4
16182,72,4,6617.65,4
16183,67,1,338.71000000000004,4
16184,64,6,1158.79,4
16185,16,2,529.41,4
16186,22,12,4006.94,4
16187,31,15,6911.4400000000005,0
16188,44,4,981.86,4
16189,15,2,215.48,4
16190,40,1,215.08,4
16191,2,13,5180.52,0
16193,236,1,314.45,1
16198,75,1,400.68100000000004,4
16200,4,2,1068.8700000000001,4
16201,3,4,1863.47,4
16202,360,1,365.27,1
16203,58,4,592.9,4
16204,23,1,384.18,4
16205,30,4,757.63,4
16206,54,4,537.0600000000001,4
16207,25,1,394.38,4
16208,44,2,664.26,4
16209,88,5,2262.62,4
16210,1,18,21086.3,0
16211,88,1,547.02,4
16212,19,2,690.34,4
16213,78,1,159.0,4
16214,170,3,1062.75,1
16215,80,1,242.35,4
16216,267,1,914.9300000000001,1
16217,235,2,304.25,1
16218,29,7,3084.68,4
16221,36,3,860.86,4
16222,318,1,773.5500000000001,1
16224,57,4,1295.3,4
16225,44,5,1096.32,4
16226,203,3,255.12,1
16227,225,1,314.22,1
16229,87,2,1010.6,4
16230,189,2,542.03,1
16232,43,4,990.88,4
16233,71,3,536.6800000000001,4
16235,40,5,867.31,4
16236,78,1,432.2,4
16239,56,2,414.2,4
16240,24,2,3718.8,4
16241,9,13,2590.31,4
16242,8,7,3579.86,4
16243,33,2,409.1,4
16244,211,2,1522.75,1
16245,23,3,1413.66,4
16247,170,1,114.56,1
16248,61,1,152.94,4
16249,52,5,1800.07,4
16250,261,2,389.44,1
16253,66,2,3683.86,4
16255,16,8,2619.91,4
16256,266,1,752.4300000000001,1
16257,176,1,46.95,1
16258,45,5,5203.51,4
16260,50,1,1035.45,4
16261,17,4,728.54,4
16265,9,9,5447.0,4
16266,73,7,861.89,4
16268,71,2,667.65,4
16270,353,1,1141.24,1
16271,2,5,1404.64,4
16272,116,1,411.7,4
16274,373,1,351.75,1
16275,196,1,559.87,1
16276,176,1,810.6000000000001,1
16278,100,1,566.38,4
16279,21,3,1502.78,4
16281,72,1,2062.06,4
16282,339,1,168.3,1
16283,5,5,1570.81,4
16284,31,2,812.68,4
16287,169,1,142.5,1
16292,121,1,302.25,4
16293,21,10,2248.9900000000002,4
16295,9,4,1328.55,4
16297,268,1,301.9,1
16298,22,3,598.2,4
16302,126,1,233.22,4
16303,25,3,5360.63,4
16305,138,1,361.21999999999997,4
16306,213,6,632.27,1
16308,37,4,2560.0,4
16309,106,2,706.57,4
16311,17,2,616.26,4
16313,3,2,274.15000000000003,4
16315,330,1,226.37,1
16316,64,8,2938.91,4
16317,119,3,1341.65,4
16318,35,1,328.15,4
16319,217,1,404.40000000000003,1
16320,172,2,1038.46,1
16321,72,5,373.65000000000003,4
16322,1,2,326.75,4
16323,196,1,207.50000000000003,1
16324,128,3,408.59000000000003,4
16325,46,3,594.24,4
16326,5,14,3039.2200000000003,0
16327,14,6,3820.27,4
16330,17,3,251.91,4
16332,28,7,1582.8,4
16333,7,22,26626.8,0
16337,36,1,151.05,4
16338,157,1,214.79999999999998,1
16339,284,1,94.05,1
16340,107,1,534.31,4
16341,24,4,1971.87,4
16342,75,4,322.41,4
16343,16,2,328.58,4
16344,158,1,101.10000000000001,1
16345,44,1,565.46,4
16347,11,2,847.45,4
16348,32,7,1415.65,4
16349,290,1,53.5,1
16350,21,4,1116.47,4
16351,332,1,153.9,1
16352,17,2,494.44,4
16353,3,23,6675.71,0
16354,63,2,395.8,4
16356,197,3,211.77,1
16357,33,3,658.88,4
16358,1,4,2027.5,4
16359,7,9,1750.92,4
16360,4,6,3450.41,4
16361,9,4,891.21,4
16362,32,5,709.99,4
16363,53,1,109.36000000000001,4
16364,11,2,705.79,4
16365,17,9,1540.42,4
16366,18,1,327.3,4
16367,37,2,800.67,4
16368,2,2,479.91,4
16369,18,3,1545.41,4
16370,82,4,1301.91,4
16372,33,2,355.73,4
16374,66,2,466.73,4
16376,8,2,974.96,4
16377,267,1,676.2,1
16378,247,3,362.95,1
16379,4,4,2157.4,4
16380,61,1,1743.1499999999999,4
16383,74,2,643.76,4
16384,89,2,584.5,4
16385,60,3,554.86,4
16386,28,2,302.57,4
16387,322,1,94.36,1
16389,53,4,1382.07,4
16392,269,1,217.89,1
16393,2,13,3040.96,4
16394,56,5,1555.34,4
16395,60,5,1482.06,4
16398,154,2,1705.8,1
16399,19,2,408.02,4
16400,94,1,303.93,4
16401,1,12,4098.32,4
16402,264,2,293.45,1
16403,312,1,177.5,1
16404,70,1,443.05,4
16405,302,2,167.25,1
16406,18,1,154.35,4
16407,12,10,2079.68,4
16409,36,5,2022.98,4
16411,19,2,211.7,4
16412,53,1,135.99,4
16413,56,1,262.2,4
16414,21,2,126.25,4
16415,44,1,200.27,4
16416,26,3,1051.4,4
16418,44,3,631.12,4
16419,112,6,958.71,4
16422,17,51,34684.4,0
16423,24,1,346.12,4
16424,191,1,133.56,1
16425,302,1,302.7,1
16426,2,10,1863.76,4
16427,263,2,241.06,1
16429,106,1,284.55,4
16430,57,1,300.85,4
16431,213,3,623.28,1
16432,64,1,287.4,4
16433,28,1,184.26,4
16434,29,7,1511.8,4
16438,5,5,798.35,4
16440,7,5,3640.67,4
16441,67,2,381.2,4
16442,1,3,609.3,4
16444,46,4,654.67,4
16445,33,1,230.51,4
16446,0,2,168472.5,3
16447,135,1,255.91,4
16448,198,1,182.99,1
16449,197,2,707.69,1
16450,149,1,311.92,1
16451,87,1,266.97,4
16454,44,2,6.9,4
16455,63,7,1841.18,4
16456,99,5,2158.18,4
16457,218,1,208.36,1
16458,2,18,3482.7400000000002,0
16460,28,3,811.23,4
16461,177,1,142.92,1
16462,73,3,136.0,4
16463,21,4,1422.4,4
16464,19,3,1298.66,4
16466,33,7,1595.96,4
16468,74,1,74.9,4
16469,23,4,625.42,4
16470,51,4,752.77,4
16471,274,1,223.95000000000002,1
16473,164,3,316.11,1
16474,7,7,1810.65,4
16475,88,4,544.3,4
16477,63,7,2494.46,4
16478,25,3,331.0,4
16479,10,2,300.83,4
16480,75,1,769.29,4
16482,15,1,220.62,4
16483,192,1,139.35,1
16484,173,2,404.3,1
16485,77,1,363.65,4
16488,33,3,498.8,4
16491,46,1,731.5,4
16493,79,4,1351.63,4
16494,296,1,826.53,1
16495,3,3,648.26,4
16496,8,3,1599.52,4
16497,49,6,2965.69,4
16498,161,2,100.97,1
16499,360,2,365.45,1
16500,4,6,400.86,4
16503,106,4,1431.93,4
16504,25,1,465.88,4
16505,31,1,777.6,4
16506,19,2,90.30000000000001,4
16509,296,1,363.7,1
16510,372,1,248.1,1
16511,21,3,918.33,4
16513,4,4,874.59,4
16515,52,5,1624.14,4
16516,30,1,101.69999999999999,4
16517,277,1,162.7,1
16518,61,2,484.32,4
16519,25,2,215.07999999999998,4
16520,186,3,1046.57,1
16523,1,21,9418.470000000001,0
16525,2,26,13027.45,0
16526,171,1,290.36,1
16527,81,1,228.06,4
16528,3,1,244.41,4
16529,190,1,455.25,1
16531,22,7,1244.59,4
16532,17,3,6748.8,4
16533,19,3,1082.81,4
16535,5,1,593.75,4
16536,110,1,548.12,4
16539,2,4,1388.81,4
16542,53,1,119.62,4
16545,164,1,339.3,1
16546,290,2,787.15,1
16549,10,10,4034.9,4
16550,108,5,2298.97,4
16551,95,3,922.12,4
16552,242,2,379.73,1
16553,163,12,5719.82,4
16554,42,3,837.1,4
16555,35,2,285.89,4
16556,66,7,3313.79,4
16557,24,2,281.85,4
16558,0,20,8338.49,0
16560,26,2,841.41,4
16561,5,2,511.12,4
16563,53,1,1077.74,4
16565,364,1,173.7,1
16566,15,5,614.66,4
16567,194,2,865.6,1
16569,3,1,124.2,4
16570,15,10,3738.4,4
16571,26,3,1421.69,4
16572,127,3,1009.6,4
16573,84,2,663.61,4
16574,71,1,451.44,4
16581,182,1,105.84,1
16582,113,1,313.62,4
16583,373,1,233.45,1
16584,80,2,936.08,4
16586,248,1,463.95,1
16587,232,1,225.15,1
16589,71,3,459.24,4
16591,68,1,213.5,4
16592,4,16,4113.68,0
16593,50,3,330.03,4
16594,75,1,181.09,4
16595,61,1,360.16,4
16596,15,2,250.15,4
16597,4,1,90.04,4
16598,285,1,145.04999999999998,1
16600,4,6,813.52,4
16601,40,1,242.7,4
16602,36,1,528.08,4
16603,74,2,482.47,4
16607,17,14,3347.71,0
16609,15,7,5493.46,4
16610,219,1,75.66,1
16611,186,1,129.49,1
16612,32,4,1187.66,4
16613,70,1,618.59,4
16614,182,1,506.19,1
16616,15,2,500.42,4
16617,235,1,151.85,1
16618,31,5,2647.59,4
16619,263,1,226.21,1
16620,3,2,178.96,4
16621,51,4,813.48,4
16623,245,1,129.45,1
16624,80,2,810.5699999999999,4
16625,274,1,333.08,1
16626,0,17,4413.1,0
16627,79,1,322.8,4
16628,29,5,2188.05,4
16629,73,2,408.63,4
16633,17,6,2883.1,4
16634,222,2,217.9,1
16637,32,4,1154.47,4
16638,22,10,1680.72,4
16639,31,3,1257.51,4
16641,105,1,231.10000000000002,4
16642,4,2,688.33,4
16643,245,1,487.51,1
16644,177,2,833.78,1
16647,169,2,214.06,1
16648,42,1,290.65999999999997,4
16650,71,1,518.42,4
16652,58,7,6773.97,4
16653,16,2,1212.66,4
16654,141,4,601.27,4
16655,17,6,3789.52,4
16656,22,15,8625.8,0
16657,9,4,874.43,4
16658,368,1,123.24,1
16659,189,1,39.12,1
16660,16,4,1267.6499999999999,4
16665,362,1,135.39999999999998,1
16666,19,1,118.98,4
16667,68,2,567.1800000000001,4
16668,15,6,306.71999999999997,4
16669,23,3,1348.88,4
16670,16,11,4095.9,4
16671,28,3,1692.27,4
16672,2,20,8134.9400000000005,0
16674,54,2,304.24,4
16676,33,4,1592.1200000000001,4
16678,2,12,3109.99,4
16679,366,1,129.75,1
16680,43,1,183.7,4
16681,72,6,1770.34,4
16682,4,5,1028.0,4
16684,4,28,66653.56,0
16685,61,2,324.24,4
16686,47,7,2959.88,4
16688,1,4,1260.86,4
16689,75,2,422.59999999999997,4
16690,72,2,225.57999999999998,4
16692,256,2,1276.0,1
16693,68,2,477.86,4
16696,135,4,657.9000000000001,4
16697,241,1,112.75,1
16698,226,2,1998.0,1
16700,8,13,5076.55,0
16701,8,13,5398.3,0
16705,0,20,14034.99,0
16706,37,3,531.35,4
16708,45,1,656.63,4
16709,84,5,3029.87,4
16710,19,10,2467.99,4
16711,3,5,1651.03,4
16712,9,11,3611.31,4
16713,18,15,6910.78,0
16714,218,3,1129.06,1
16715,78,1,301.71999999999997,4
16716,266,2,901.2,1
16717,23,6,3843.08,4
16718,369,1,606.0500000000001,1
16719,14,7,1770.22,4
16720,26,1,152.95,4
16721,262,1,292.47,1
16722,17,13,4730.81,4
16723,91,2,576.4,4
16725,302,7,758.27,1
16726,26,5,1358.74,4
16727,364,1,256.32,1
16728,46,4,1048.28,4
16729,38,21,7205.33,0
16730,52,3,743.11,4
16732,31,1,603.75,4
16734,52,3,646.76,4
16735,78,5,2247.41,4
16737,53,1,417.59999999999997,4
16738,297,1,3.75,1
16739,176,1,323.0,1
16742,46,1,464.9,4
16743,29,7,2213.13,4
16744,11,7,1291.91,4
16745,86,17,7180.7,0
16746,4,18,6680.11,0
16747,37,2,836.06,4
16748,17,5,1515.9,4
16750,44,5,623.93,4
16751,30,1,1764.72,4
16752,372,1,207.5,1
16753,58,1,223.92000000000002,4
16754,372,1,2002.4,1
16755,114,3,1475.43,4
16756,214,1,239.4,1
16757,318,1,106.83000000000001,1
16758,65,1,369.34000000000003,4
16759,7,3,789.79,4
16761,96,1,316.62,4
16762,19,3,1207.24,4
16763,198,1,611.85,1
16764,3,13,2790.9500000000003,4
16765,294,1,34.0,1
16766,273,2,1145.6,1
16767,30,11,5575.56,4
16768,47,3,478.09000000000003,4
16769,260,1,361.54,1
16770,57,5,757.1,4
16771,33,5,2242.61,4
16773,57,1,171.59,4
16774,67,4,661.52,4
16775,10,11,1691.51,4
16776,60,1,371.54,4
16777,80,2,222.62,4
16778,74,2,245.94,4
16779,2,22,10611.720000000001,0
16780,100,2,422.24,4
16781,372,1,311.25,1
16782,10,13,2267.9500000000003,4
16784,19,1,107.6,4
16788,123,2,594.39,4
16789,8,1,80.8,4
16790,3,6,1545.6200000000001,4
16791,29,7,1705.78,4
16792,282,2,110.38000000000001,1
16793,57,1,243.84,4
16794,1,10,1196.5,4
16795,365,1,414.88,1
16796,89,1,305.62,4
16800,11,1,1162.65,4
16801,163,4,1594.23,1
16803,65,1,332.3,4
16804,23,3,536.99,4
16805,173,2,460.59,1
16806,103,4,762.16,4
16807,142,3,1121.59,4
16808,99,2,288.42,4
16809,23,5,914.69,4
16810,192,1,309.54,1
16811,4,2,547.07,4
16812,360,1,479.35,1
16813,8,10,1652.18,4
16814,14,21,6416.7,0
16816,103,4,417.06,4
16817,2,9,1604.75,4
16818,10,11,3349.57,4
16820,95,1,497.61,4
16823,227,1,358.38,1
16824,15,2,460.64,4
16825,38,2,775.1800000000001,4
16826,51,1,341.7,4
16828,93,2,128.5,4
16829,156,1,197.22,1
16830,38,1,325.91,4
16832,184,3,199.15,1
16833,1,4,1106.53,4
16834,227,1,413.46,1
16835,128,2,180.85,4
16836,39,2,251.87,4
16837,31,11,3170.98,4
16838,197,2,588.85,1
16839,8,34,16594.35,0
16841,36,6,1869.82,4
16842,100,3,1264.19,4
16843,42,16,10196.57,0
16846,50,1,214.32,4
16847,43,1,193.44,4
16848,52,1,281.42,4
16849,186,1,124.57,1
16850,333,1,332.41,1
16851,4,3,342.45,4
16852,10,2,144.91000000000003,4
16855,23,2,328.4,4
16856,14,1,35.400000000000006,4
16858,368,1,375.69000000000005,1
16859,144,2,747.81,4
16861,59,2,173.76,4
16863,31,2,502.8,4
16866,140,3,207.73999999999998,4
16869,22,4,817.12,4
16871,22,6,2812.34,4
16872,77,3,680.02,4
16873,4,6,7123.62,4
16875,67,5,2095.53,4
16877,12,6,846.62,4
16878,84,1,13.3,4
16880,30,7,1491.43,4
16881,66,1,432.0,4
16882,66,3,705.12,4
16883,187,2,272.48,1
16884,37,2,429.84000000000003,4
16885,15,3,450.41,4
16887,35,1,192.32999999999998,4
16889,194,3,1578.67,1
16891,1,5,742.43,4
16892,1,5,518.19,4
16893,366,1,145.93,1
16895,64,1,202.27,4
16897,299,2,289.78,1
16898,26,3,501.03,4
16899,7,6,1271.06,4
16900,16,3,887.11,4
16902,116,1,1706.88,4
16903,29,1,363.2,4
16904,4,16,3653.75,0
16905,5,7,3037.6,4
16906,81,4,559.59,4
16907,29,5,928.76,4
16909,72,1,379.14,4
16910,4,8,1508.96,4
16912,28,11,2555.58,4
16913,290,1,113.44,1
16914,36,1,183.76,4
16915,9,6,621.6800000000001,4
16916,23,2,562.41,4
16917,276,1,391.52,1
16918,49,6,1068.82,4
16919,156,11,2592.25,4
16921,61,1,154.18,4
16923,12,19,7069.08,0
16924,21,3,829.89,4
16926,371,1,230.25,1
16927,115,3,543.05,4
16928,80,17,2814.7,0
16929,3,7,1295.39,4
16930,26,3,378.89,4
16931,5,21,4554.87,0
16932,53,1,150.23000000000002,4
16933,1,2,563.23,4
16934,54,2,931.03,4
16936,25,1,261.9,4
16938,8,4,2711.6800000000003,4
16940,52,3,3049.88,4
16942,12,9,1904.99,4
16943,211,3,816.73,1
16945,21,19,4345.5,0
16947,235,1,406.48,1
16948,138,3,435.02,4
16949,3,6,1286.27,4
16950,56,3,1178.56,4
16951,134,3,1277.75,4
16952,109,2,167.61,4
16953,30,1,20.8,4
16954,0,9,2085.08,4
16955,184,4,518.67,1
16956,17,1,308.74,4
16957,239,2,416.64,1
16959,87,1,117.35000000000001,4
16960,38,3,507.05,4
16961,116,1,234.17,4
16963,187,1,110.55000000000001,1
16965,226,1,201.19,1
16966,8,7,2154.97,4
16967,189,1,319.02,1
16968,4,2,439.43,4
16969,39,3,650.41,4
16971,38,1,357.21,4
16976,267,1,251.51999999999998,1
16978,77,1,344.33,4
16979,3,6,1852.0,4
16980,255,2,1028.46,1
16982,60,1,384.06,4
16983,12,7,1905.87,4
16984,88,2,4459.52,4
16985,17,10,5464.12,4
16986,29,2,1873.2,4
16987,3,7,1616.8,4
16988,5,1,126.12,4
16989,7,6,1133.25,4
16990,218,1,179.0,1
16992,10,5,1614.31,4
16996,30,6,1456.96,4
16997,288,3,702.0,1
16998,149,4,295.0,1
16999,23,2,484.82,4
17001,0,11,3989.57,4
17002,85,3,1493.73,4
17004,46,2,1312.1399999999999,4
17006,4,4,781.78,4
17007,50,6,889.9300000000001,4
17010,18,1,195.36,4
17011,30,1,270.9,4
17014,8,3,583.4300000000001,4
17015,28,3,1838.6100000000001,4
17017,2,20,8694.26,0
17018,40,2,920.1,4
17019,11,4,1258.08,4
17022,31,1,71.0,4
17024,45,3,95.85,4
17025,60,3,357.77,4
17026,185,2,154.82999999999998,1
17027,78,6,877.5600000000001,4
17029,110,2,716.0,4
17030,63,1,146.87,4
17031,11,2,380.35,4
17033,86,3,1030.14,4
17034,16,3,745.52,4
17035,245,2,433.53000000000003,1
17037,87,1,1267.32,4
17038,30,1,112.4,4
17040,137,1,449.73,4
17041,26,3,1071.49,4
17042,2,5,1036.58,4
17043,32,4,1735.18,4
17044,25,1,948.48,4
17045,113,3,339.44,4
17046,157,1,642.02,1
17047,85,3,1100.9,4
17048,117,3,925.35,4
17049,2,9,5655.03,4
17050,96,6,3185.64,4
17051,194,1,240.89000000000001,1
17052,28,1,399.09,4
17053,130,1,498.48,4
17054,28,5,1356.33,4
17058,81,3,1179.89,4
17059,29,5,3080.39,4
17060,266,1,234.24,1
17061,73,11,5232.2300000000005,4
17062,313,4,533.33,1
17063,21,7,1461.14,4
17064,58,3,855.45,4
17068,12,21,4552.14,0
17069,28,9,2709.7000000000003,4
17070,114,1,304.24,4
17071,28,9,2429.03,4
17073,17,4,1446.09,4
17075,17,4,834.12,4
17076,36,3,841.0799999999999,4
17078,36,2,378.2,4
17079,78,1,118.80000000000001,4
17080,22,2,287.62,4
17081,25,2,288.91,4
17082,33,2,2003.85,4
17083,109,3,1405.78,4
17084,35,2,2747.9900000000002,4
17085,123,5,1562.4,4
17086,7,6,2050.08,4
17088,28,4,1991.01,4
17090,4,7,1974.65,4
17091,2,9,3827.76,4
17092,50,4,1774.03,4
17094,322,1,302.0,1
17095,22,3,1324.16,4
17096,15,4,1022.13,4
17097,2,8,954.42,4
17100,18,2,971.74,4
17101,10,4,1621.73,4
17102,261,1,25.5,1
17105,159,2,665.78,1
17107,33,6,10797.48,4
17109,29,6,881.29,4
17110,165,1,163.29999999999998,1
17111,47,1,231.61,4
17114,5,8,801.12,4
17115,8,3,837.5,4
17117,288,1,116.19999999999999,1
17118,317,1,157.02,1
17119,3,2,606.91,4
17120,233,1,307.46,1
17122,119,1,138.32,4
17123,161,1,345.29999999999995,1
17124,185,1,294.24,1
17125,50,1,230.5,4
17126,152,5,989.45,1
17128,334,1,157.09,1
17131,5,5,2463.17,4
17133,15,7,4892.240000000001,4
17134,106,2,413.2,4
17135,16,7,1139.73,4
17138,275,1,380.5,1
17139,15,12,10650.77,0
17140,247,1,454.12,1
17142,239,1,579.0,1
17144,1,2,984.57,4
17146,105,3,749.78,4
17147,22,4,1714.59,4
17148,51,1,124.88,4
17152,194,3,1689.5,1
17153,24,1,213.78,4
17154,75,1,329.34,4
17155,17,2,251.70000000000002,4
17157,7,2,319.0,4
17158,32,3,1266.97,4
17159,21,3,1538.88,4
17160,31,6,3518.03,4
17162,28,10,1715.46,4
17163,21,2,293.1,4
17164,32,7,2467.35,4
17165,284,1,158.68,1
17166,38,2,206.34,4
17169,57,2,835.78,4
17171,289,1,224.91,1
17172,78,1,317.76,4
17173,5,8,3766.6,4
17174,217,1,59.9,1
17175,44,4,1443.69,4
17176,201,1,306.13,1
17179,178,3,711.79,1
17180,56,4,783.97,4
17181,57,2,239.92000000000002,4
17183,7,6,3347.31,4
17186,46,2,144.0,4
17187,226,1,203.95,1
17188,11,7,2474.23,4
17189,106,2,383.75,4
17190,58,2,444.74,4
17191,28,7,2093.68,4
17193,35,7,1699.3000000000002,4
17194,273,2,262.62,1
17197,29,1,1013.01,4
17198,23,3,692.22,4
17201,53,1,289.78,4
17203,35,6,3560.08,4
17204,175,4,1564.56,1
17205,53,1,384.08,4
17206,53,1,204.24,4
17211,26,8,2317.2200000000003,4
17212,253,1,226.85,1
17213,40,7,2781.23,4
17214,60,6,1059.1200000000001,4
17217,234,1,113.5,1
17218,4,10,1951.97,4
17219,31,1,114.23,4
17220,24,14,3187.55,0
17221,7,2,334.48,4
17222,65,1,328.65,4
17223,310,2,416.89,1
17226,308,1,393.49,1
17227,18,6,939.32,4
17228,15,8,1906.09,4
17229,96,2,318.76,4
17230,264,8,3638.41,1
17231,12,10,3124.72,4
17232,2,2,417.77,4
17233,35,1,190.88,4
17234,182,1,149.89000000000001,1
17235,25,2,550.06,4
17236,12,6,916.13,4
17237,11,2,314.69,4
17238,2,17,3719.1,0
17239,312,1,382.5,1
17242,108,2,1135.04,4
17243,1,26,8540.05,0
17244,53,1,954.9,4
17245,204,1,171.45,1
17247,15,1,280.09000000000003,4
17248,120,1,318.65,4
17250,3,2,381.97,4
17251,362,1,269.83,1
17252,116,2,348.91,4
17253,18,1,178.26,4
17254,4,2,271.19,4
17255,40,2,291.48,4
17256,107,2,240.0,4
17259,148,2,581.23,1
17262,52,5,1253.3600000000001,4
17263,208,1,63.440000000000005,1
17265,138,2,550.01,4
17266,2,3,296.58,4
17267,127,2,317.2,4
17268,107,4,763.64,4
17272,42,4,2148.63,4
17274,35,1,107.82,4
17277,227,2,1065.3500000000001,1
17278,241,1,246.04,1
17279,57,1,187.82999999999998,4
17282,130,3,1685.46,4
17284,60,6,1647.48,4
17286,21,1,151.37,4
17287,26,7,1049.06,4
17288,9,7,1417.63,4
17289,31,3,931.02,4
17290,3,2,513.01,4
17291,308,1,550.8000000000001,1
17293,8,9,1854.06,4
17295,28,3,547.0,4
17297,17,1,128.18,4
17298,101,2,498.42,4
17299,11,4,656.61,4
17301,21,1,163.24,4
17302,14,5,1135.63,4
17303,361,1,250.04,1
17306,10,19,8631.31,0
17309,95,1,82.75,4
17311,78,2,1384.85,4
17312,138,3,644.3,4
17313,31,1,2328.84,4
17314,24,8,2527.92,4
17315,1,38,6281.23,0
17317,46,3,2600.34,4
17320,100,3,1200.6200000000001,4
17321,8,2,657.16,4
17323,15,7,906.52,4
17324,17,4,986.48,4
17325,280,1,96.8,1
17329,14,2,523.11,4
17330,22,2,363.9,4
17331,123,1,175.2,4
17333,85,1,494.25,4
17334,302,2,307.02,1
17337,151,4,1981.06,1
17338,17,8,6493.54,4
17339,94,2,243.36,4
17340,29,11,12353.29,0
17341,156,3,682.29,1
17343,355,1,193.64,1
17344,46,1,157.62,4
17345,15,4,519.6899999999999,4
17346,3,15,2622.88,0
17347,86,1,228.96,4
17348,14,5,1156.6,4
17349,179,1,98.25,1
17350,8,4,1281.32,4
17351,36,3,587.15,4
17353,129,2,1740.0,4
17354,50,1,1393.06,4
17356,311,1,178.22,1
17357,24,2,384.39,4
17358,303,2,360.81,1
17359,11,1,127.86,4
17360,17,3,568.24,4
17361,49,3,488.2,4
17362,239,2,312.23,1
17364,0,11,4462.68,4
17365,12,8,4767.36,4
17367,238,1,167.55,1
17368,23,8,1878.87,4
17370,72,4,446.18,4
17371,17,3,418.4,4
17372,40,8,1337.18,4
17373,40,4,646.92,4
17374,218,2,495.77,1
17375,199,3,400.1,1
17376,70,2,203.2,4
17377,23,20,4058.32,0
17379,11,1,389.71999999999997,4
17381,8,29,20275.61,0
17382,65,1,65.4,4
17383,4,1,193.39000000000001,4
17384,19,2,336.4,4
17385,14,1,256.11,4
17386,7,6,2686.42,4
17387,19,2,746.81,4
17388,77,4,1259.56,4
17389,0,34,31833.68,0
17391,163,2,508.8,1
17392,306,2,417.27,1
17394,219,1,203.86999999999998,1
17396,39,8,7330.8,4
17397,22,2,681.41,4
17398,114,3,653.38,4
17400,126,5,2097.84,4
17402,4,13,2633.85,4
17403,36,1,263.92,4
17404,4,15,31906.82,0
17405,1,3,1031.41,4
17406,333,3,2184.42,1
17408,163,1,32.65,1
17409,184,2,771.85,1
17410,16,5,1214.72,4
17411,12,3,778.94,4
17412,2,7,1258.06,4
17414,43,2,778.0,4
17415,79,1,507.84,4
17416,29,7,6893.42,4
17418,42,2,463.46000000000004,4
17419,11,12,4226.57,4
17420,50,3,598.83,4
17422,16,6,1979.37,4
17423,46,2,698.41,4
17425,19,2,759.17,4
17426,8,6,5037.26,4
17427,71,1,100.8,4
17428,0,28,17256.85,0
17429,128,3,524.9200000000001,4
17430,32,2,265.76,4
17431,313,1,403.3,1
17432,18,2,365.76,4
17433,88,1,303.15999999999997,4
17434,2,7,2373.82,4
17436,1,2,216.29999999999998,4
17438,253,1,388.45000000000005,1
17440,156,3,186.42000000000002,1
17442,36,6,2248.56,4
17443,219,1,534.24,1
17444,147,3,2940.04,4
17446,176,2,120.9,1
17447,40,2,541.53,4
17449,2,7,2519.21,4
17450,8,46,194390.79,3
17451,1,7,1721.4,4
17453,17,2,486.71999999999997,4
17454,192,4,517.53,1
17455,203,1,131.7,1
17456,365,1,249.86,1
17457,126,5,1737.7,4
17458,15,1,316.5,4
17459,43,2,657.3,4
17460,94,6,622.4300000000001,4
17461,22,3,735.82,4
17462,60,2,675.69,4
17463,16,5,1875.86,4
17464,158,1,289.96000000000004,1
17466,10,2,763.28,4
17468,10,2,137.0,4
17469,16,5,1870.97,4
17470,44,5,1125.07,4
17472,191,3,697.54,1
17475,79,1,194.37,4
17480,77,1,511.82,4
17481,3,4,1255.59,4
17483,65,3,414.04,4
17486,261,1,396.87,1
17489,58,2,376.64,4
17490,0,7,2092.32,4
17491,1,10,3558.87,4
17492,248,1,374.57,1
17495,7,2,497.56,4
17496,358,1,271.05,1
17498,75,1,272.22,4
17499,289,1,622.88,1
17500,17,3,1138.0,4
17501,220,2,288.6,1
17502,9,4,689.1,4
17503,2,2,558.96,4
17504,206,9,2997.0299999999997,1
17505,161,2,1145.84,1
17506,75,1,302.2,4
17507,261,2,605.58,1
17508,280,1,387.31,1
17509,57,8,6083.64,4
17510,24,1,308.48,4
17511,2,31,91062.38,0
17512,28,10,2924.9900000000002,4
17513,72,1,513.2,4
17514,128,1,208.65,4
17515,31,4,639.02,4
17516,15,5,764.88,4
17517,308,1,153.94,1
17519,17,6,1844.02,4
17520,53,1,546.81,4
17521,29,3,723.2099999999999,4
17522,1,5,1070.71,4
17523,11,4,652.74,4
17524,361,1,145.0,1
17525,359,1,422.70000000000005,1
17526,4,4,1195.8999999999999,4
17527,53,4,939.37,4
17528,1,8,3628.5,4
17530,1,10,2367.12,4
17531,190,1,296.7,1
17534,53,1,223.36,4
17535,280,1,164.4,1
17536,177,1,76.5,1
17537,29,2,887.67,4
17538,25,1,98.42,4
17540,24,2,578.9,4
17542,269,1,170.75,1
17545,43,3,642.32,4
17548,233,1,103.3,1
17549,23,2,148.86,4
17550,197,3,267.16,1
17551,359,1,290.34,1
17552,60,4,930.41,4
17553,129,1,1487.6,4
17554,1,5,1952.45,4
17555,19,2,480.31,4
17556,205,1,157.9,1
17557,14,3,541.46,4
17560,94,5,854.95,4
17561,19,1,165.12,4
17562,14,7,1122.38,4
17564,24,3,454.01,4
17566,8,2,869.77,4
17567,7,8,4331.48,4
17569,332,1,344.14,1
17571,50,4,1425.67,4
17572,71,4,226.75000000000003,4
17573,29,3,380.6,4
17574,242,1,185.65,1
17576,8,19,3564.83,0
17578,218,1,143.45999999999998,1
17579,4,3,448.90000000000003,4
17580,252,3,215.72,1
17581,0,25,11025.24,0
17582,236,1,175.27,1
17584,7,2,1242.3,4
17585,109,4,1116.68,4
17588,100,3,1240.2,4
17589,60,4,2404.17,4
17590,2,3,1468.02,4
17591,73,7,2203.67,4
17593,3,5,3923.86,4
17594,85,2,993.18,4
17595,12,2,386.69,4
17596,23,7,2806.69,4
17597,213,1,2044.3700000000001,1
17600,17,1,161.67000000000002,4
17601,239,1,116.00999999999999,1
17602,2,6,5054.42,4
17603,78,1,394.72,4
17604,217,2,309.36,1
17608,33,2,191.99,4
17609,40,5,1105.78,4
17611,7,15,3961.12,0
17612,53,6,2048.45,4
17613,22,14,4544.55,0
17614,57,1,386.32,4
17615,130,3,329.6,4
17616,173,3,571.1999999999999,1
17618,5,3,930.28,4
17619,312,1,214.37,1
17620,59,1,81.44,4
17621,21,3,1379.9,4
17623,32,1,527.0500000000001,4
17624,14,2,843.48,4
17625,18,4,2020.4,4
17628,81,1,75.75,4
17629,5,8,1814.12,4
17630,169,2,503.59999999999997,1
17631,1,3,528.33,4
17633,31,4,1324.84,4
17634,36,9,2358.59,4
17636,19,1,285.56,4
17637,31,2,547.0600000000001,4
17639,276,1,108.5,1
17640,86,1,621.66,4
17642,119,2,712.29,4
17643,373,1,101.55,1
17644,1,11,2895.64,4
17646,219,3,1008.39,1
17647,65,1,133.06,4
17648,60,4,1797.5,4
17649,138,1,868.49,4
17650,21,1,166.08,4
17651,11,10,3945.0,4
17652,25,12,4867.72,4
17653,36,4,1207.56,4
17654,277,1,117.55,1
17655,10,7,2638.94,4
17656,73,5,1674.69,4
17658,25,2,595.42,4
17659,17,12,2999.46,4
17660,141,1,178.75,4
17663,25,7,1802.91,4
17664,18,2,604.64,4
17666,3,2,728.16,4
17667,66,5,2055.51,4
17668,1,2,347.75,4
17669,42,7,3406.7200000000003,4
17670,227,1,205.7,1
17671,15,4,1572.71,4
17672,50,2,3178.17,4
17673,1,6,1594.97,4
17674,74,2,551.04,4
17675,1,31,20374.28,0
17676,4,6,1371.18,4
17677,1,30,16345.38,0
17678,263,1,298.11,1
17679,52,2,1992.1100000000001,4
17680,23,1,184.4,4
17682,10,6,2474.33,4
17684,43,1,239.41,4
17685,16,7,3155.83,4
17686,7,7,5739.46,4
17690,30,15,4726.8,0
17691,358,2,290.40000000000003,1
17692,127,4,740.9399999999999,4
17693,137,1,200.47,4
17694,141,1,283.12,4
17695,131,2,765.34,4
17696,38,8,2285.71,4
17697,236,1,338.95,1
17698,260,1,154.95,1
17700,16,4,2534.64,4
17701,252,1,417.95,1
17702,30,4,1824.37,4
17703,35,3,798.74,4
17704,168,2,885.19,1
17705,3,9,1823.52,4
17706,4,17,10504.49,0
17707,185,2,152.4,1
17708,187,2,263.33,1
17709,169,1,137.45,1
17711,10,2,385.1,4
17712,44,1,522.91,4
17714,320,1,153.0,1
17715,200,1,326.4,1
17716,22,11,5655.99,4
17718,232,1,139.35,1
17719,37,15,5396.04,0
17720,26,4,1195.94,4
17722,96,4,2424.04,4
17723,127,6,3276.4000000000005,4
17724,71,3,1033.0,4
17725,16,11,3439.08,4
17727,15,1,1060.25,4
17728,3,3,2876.01,4
17730,3,13,5298.4800000000005,0
17731,79,4,1240.11,4
17732,372,1,303.97,1
17733,38,2,692.19,4
17734,53,3,700.63,4
17735,2,19,13110.02,0
17736,9,3,377.44,4
17737,9,2,168.24,4
17738,19,4,1879.05,4
17739,11,7,2791.35,4
17742,113,2,355.11,4
17744,3,6,2322.4,4
17746,240,1,110.25,1
17747,112,1,71.4,4
17749,178,2,674.52,1
17750,5,9,1710.45,4
17752,359,1,80.64,1
17754,0,5,1664.65,4
17757,1,30,5593.39,0
17758,19,8,3408.2000000000003,4
17759,17,3,819.96,4
17760,21,2,287.59,4
17761,32,1,712.78,4
17763,263,1,15.0,1
17764,50,2,772.55,4
17765,158,3,367.63,1
17767,15,1,271.2,4
17768,8,3,2081.9,4
17769,12,10,3957.43,4
17770,198,5,1143.27,1
17771,56,2,245.81,4
17772,10,2,173.45,4
17774,96,4,1213.73,4
17775,254,1,56.4,1
17777,24,3,647.56,4
17779,21,3,650.32,4
17781,159,2,188.02,1
17783,72,2,283.47,4
17785,53,1,131.94,4
17786,85,2,266.85,4
17787,152,4,1817.54,1
17788,73,2,1117.9,4
17789,281,1,225.9,1
17790,26,14,1964.3,4
17791,29,1,106.1,4
17793,25,1,300.34,4
17795,179,2,342.83,1
17796,40,4,690.0,4
17797,22,3,780.43,4
17799,22,10,3039.17,4
17800,37,9,1187.21,4
17802,82,3,1285.04,4
17805,73,1,512.31,4
17806,11,1,546.04,4
17809,16,12,5411.91,4
17811,4,39,7761.82,0
17812,12,4,699.81,4
17813,14,5,1698.07,4
17816,36,4,36.56,4
17817,4,3,387.68,4
17819,71,7,3704.87,4
17824,51,1,298.4,4
17827,5,5,1987.33,4
17828,22,4,1820.09,4
17829,298,1,889.24,1
17830,1,3,398.7,4
17831,33,1,35.400000000000006,4
17832,49,1,155.37,4
17835,2,3,342.24,4
17836,47,1,110.21000000000001,4
17837,42,8,1541.23,4
17838,26,5,2720.8,4
17839,42,1,318.15,4
17841,1,124,40519.84,2
17843,303,1,205.48,1
17844,106,1,51.559999999999995,4
17846,85,1,2033.1,4
17848,81,9,901.1999999999999,4
17849,218,4,605.8000000000001,1
17850,372,34,5391.21,0
17852,11,2,114.34,4
17854,185,2,311.26,1
17855,372,1,208.97,1
17856,1,4,1418.03,4
17857,4,23,26879.04,0
17858,5,12,5140.66,4
17859,304,1,141.92000000000002,1
17860,368,1,226.45000000000002,1
17861,3,8,2097.88,4
17862,323,1,330.9,1
17863,59,6,3160.0,4
17864,12,3,554.85,4
17865,30,20,10526.32,0
17866,142,1,329.65,4
17867,30,6,1157.8700000000001,4
17869,107,5,428.18,4
17870,2,12,1865.89,4
17871,204,1,155.9,1
17873,80,5,1848.96,4
17874,185,6,683.46,1
17877,170,1,237.61,1
17878,43,1,379.45,4
17879,173,1,178.51999999999998,1
17880,364,1,458.92,1
17881,304,1,133.35000000000002,1
17883,3,4,664.34,4
17884,3,4,695.0699999999999,4
17885,12,1,156.34,4
17886,31,3,869.28,4
17887,129,1,111.35,4
17888,21,8,716.0,4
17889,212,2,201.37,1
17890,322,2,586.89,1
17891,162,1,203.85999999999999,1
17892,56,3,244.1,4
17893,225,1,107.21,1
17894,71,8,1118.96,4
17895,44,1,95.45,4
17896,23,1,256.32,4
17897,172,3,541.8100000000001,1
17898,85,2,152.06,4
17899,159,1,154.55,1
17900,190,2,112.19999999999999,1
17901,29,1,110.38,4
17904,21,1,181.07,4
17905,71,4,798.99,4
17906,247,1,72.9,1
17908,373,1,232.03,1
17911,9,1,366.23,4
17912,310,5,310.06,1
17913,58,2,408.65,4
17914,3,1,329.36,4
17917,45,3,335.03,4
17919,88,1,1304.04,4
17920,4,17,4119.5,0
17921,64,4,820.23,4
17923,282,1,207.50000000000003,1
17924,11,7,2962.5,4
17925,372,1,244.08,1
17926,133,2,397.29,4
17928,45,2,212.54,4
17929,11,4,843.0,4
17930,35,5,1740.48,4
17931,134,2,408.36,4
17932,29,3,1331.57,4
17934,51,2,704.25,4
17935,138,2,145.79,4
17936,5,1,380.13,4
17937,8,7,4301.22,4
17939,159,1,99.14,1
17940,49,10,4020.04,4
17941,130,1,304.56,4
17942,7,1,77.50000000000001,4
17946,233,2,149.57999999999998,1
17947,37,1,176.68,4
17948,147,1,358.56000000000006,1
17949,1,45,58510.48,0
17950,72,3,482.2,4
17951,39,3,1008.5400000000001,4
17954,5,12,2314.13,4
17955,198,4,557.3,1
17956,249,1,12.75,1
17957,66,1,111.68,4
17958,116,1,508.4599999999999,4
17960,171,1,73.78,1
17961,21,39,1296.44,0
17962,142,1,102.41,4
17964,31,2,463.21,4
17965,37,14,2599.19,4
17966,37,5,1098.43,4
17967,371,1,112.27,1
17968,373,1,265.1,1
17969,166,2,228.2,1
17970,211,1,562.79,1
17972,241,1,135.19,1
17973,51,1,337.04,4
17974,24,3,703.99,4
17975,15,13,4483.26,4
17976,372,1,321.79,1
17977,29,1,288.14,4
17978,365,1,300.91999999999996,1
17979,35,4,732.41,4
17980,165,3,811.45,1
17984,145,1,152.68,1
17985,22,1,631.35,4
17986,56,1,20.8,4
17987,185,1,198.57,1
17988,11,7,201.12,4
17990,236,3,630.84,1
17991,225,2,93.35,1
17994,121,4,674.89,4
17995,281,1,76.1,1
17997,74,8,1962.46,4
17999,37,2,380.39,4
18001,12,2,415.13,4
18004,362,1,157.92,1
18005,3,2,226.47,4
18006,23,1,444.68,4
18008,70,9,2116.19,4
18009,235,1,247.39,1
18010,256,1,174.8,1
18011,373,1,102.78999999999999,1
18013,155,2,187.29,1
18014,28,1,162.22,4
18015,4,1,120.03,4
18016,32,5,1477.66,4
18017,81,3,523.0,4
18018,108,2,122.14,4
18019,51,1,38.45,4
18022,35,1,612.72,4
18024,152,2,389.78,1
18027,98,1,115.31,4
18030,4,2,230.64999999999998,4
18032,334,1,73.5,1
18033,65,1,93.82000000000001,4
18034,21,2,418.68,4
18035,35,3,713.89,4
18036,32,3,403.12,4
18037,154,6,70.02,1
18040,19,2,357.20000000000005,4
18041,11,21,4097.37,0
18042,53,1,165.04999999999998,4
18043,24,3,529.29,4
18044,4,10,2088.6,4
18045,45,1,178.34,4
18048,203,2,172.29000000000002,1
18050,359,1,74.4,1
18053,70,1,300.02,4
18055,7,10,6761.34,4
18056,288,1,363.65,1
18058,9,1,170.16,4
18059,23,3,306.46,4
18061,21,10,2119.41,4
18062,173,3,720.52,1
18064,133,2,814.0,4
18065,5,14,2392.83,4
18066,75,1,318.0,4
18067,40,1,396.33,4
18068,289,1,101.69999999999999,1
18069,26,5,2009.24,4
18071,257,2,453.0,1
18072,185,1,247.44,1
18073,114,12,3859.82,4
18074,373,1,489.6,1
18075,23,10,2611.75,4
18077,8,11,2584.41,4
18078,217,2,336.13,1
18079,45,4,3613.15,4
18080,18,2,1231.5,4
18081,36,3,343.45,4
18082,25,1,680.84,4
18084,16,1,90.47999999999999,4
18085,330,2,689.95,1
18086,274,1,101.34,1
18087,98,2,4055.7199999999993,4
18088,61,1,166.03,4
18092,2,11,9068.26,0
18093,93,4,2106.52,4
18094,81,7,3017.3,4
18095,312,2,580.0500000000001,1
18096,11,3,849.06,4
18097,7,6,2662.4,4
18099,127,1,168.31,4
18101,11,2,222.4,4
18102,0,60,259657.3,3
18104,37,1,754.64,4
18105,37,1,113.48000000000002,4
18106,329,1,421.9,1
18108,254,1,271.0,1
18109,1,26,8004.92,0
18110,19,1,198.8,4
18112,12,2,352.69,4
18113,368,1,76.32000000000001,1
18114,290,1,220.1,1
18116,67,8,1403.1100000000001,4
18117,25,1,315.65,4
18118,10,26,5625.08,0
18119,367,1,180.7,1
18120,214,1,111.15,1
18121,149,2,653.3,1
18122,8,6,1793.06,4
18123,24,2,574.4399999999999,4
18125,29,4,1131.75,4
18126,60,1,200.92000000000002,4
18127,19,3,347.08,4
18129,243,1,112.55000000000001,1
18130,15,3,1059.39,4
18133,212,1,931.4999999999999,1
18135,29,5,681.9100000000001,4
18136,63,3,784.33,4
18138,295,1,152.65,1
18139,17,6,8438.34,4
18142,157,2,1019.52,1
18143,116,2,1000.16,4
18144,7,12,2888.75,4
18145,12,4,2861.55,4
18146,140,2,160.35000000000002,4
18147,45,2,179.33999999999997,4
18149,50,3,612.0799999999999,4
18150,32,3,566.58,4
18151,134,2,653.35,4
18154,3,2,399.19,4
18155,75,3,371.62,4
18156,12,2,675.64,4
18158,9,2,453.4,4
18159,301,1,530.15,1
18160,57,2,638.0600000000001,4
18161,15,5,1618.69,4
18164,37,1,399.65000000000003,4
18165,177,1,302.46000000000004,1
18167,23,3,1384.8600000000001,4
18168,176,6,1160.04,1
18169,60,1,202.65,4
18170,33,3,980.31,4
18171,58,5,1231.31,4
18172,14,20,7561.68,0
18173,86,4,2106.84,4
18174,7,1,104.0,4
18176,358,1,476.35,1
18177,31,6,1340.8700000000001,4
18178,128,4,1590.81,4
18179,9,6,1793.17,4
18180,4,6,1843.75,4
18181,24,1,366.85,4
18183,227,2,632.07,1
18184,15,1,49.8,4
18185,249,1,304.25,1
18188,15,3,2001.04,4
18189,77,2,1090.24,4
18190,192,2,284.46000000000004,1
18191,261,1,207.79999999999998,1
18192,71,1,957.97,4
18193,165,1,243.76,1
18194,82,1,973.8399999999999,4
18196,95,2,686.63,4
18198,4,17,5425.56,0
18200,106,1,150.35,4
18202,199,3,1396.99,1
18203,157,1,160.42000000000002,1
18204,71,3,1975.35,4
18205,36,2,517.36,4
18209,28,1,139.10000000000002,4
18210,1,6,2621.38,4
18211,25,5,600.07,4
18212,326,1,216.07,1
18213,236,1,232.48000000000002,1
18215,89,1,299.34000000000003,4
18216,31,1,481.75,4
18217,29,2,621.75,4
18218,211,2,641.92,1
18219,2,10,2069.77,4
18220,226,1,305.28000000000003,1
18221,22,5,1041.61,4
18222,92,1,443.0,4
18223,4,14,6484.54,0
18224,263,1,158.95000000000002,1
18225,3,12,5504.96,4
18226,44,11,5228.05,4
18227,217,1,93.75,1
18228,56,2,779.9,4
18229,11,20,7276.900000000001,0
18230,9,7,2810.2000000000003,4
18231,192,5,2071.77,1
18232,81,4,592.97,4
18233,325,1,440.0,1
18235,71,3,1796.48,4
18236,29,6,882.24,4
18237,2,5,987.1,4
18239,218,5,1561.6100000000001,1
18240,46,1,422.58,4
18241,9,17,2073.09,0
18242,72,4,2232.4900000000002,4
18245,7,7,2567.06,4
18246,23,2,596.1,4
18248,122,2,804.02,4
18249,17,1,95.34,4
18250,310,1,349.27,1
18251,87,1,4314.72,4
18252,50,2,518.27,4
18255,89,1,103.3,4
18257,39,8,2337.63,4
18259,24,3,2338.6000000000004,4
18260,172,6,2628.35,1
18261,43,2,324.24,4
18262,140,1,149.48,4
18263,25,3,1213.1599999999999,4
18265,72,2,801.51,4
18268,134,1,25.5,4
18269,366,1,168.6,1
18270,38,2,283.15,4
18272,2,6,3078.58,4
18273,2,3,204.0,4
18274,30,1,175.92,4
18276,43,1,335.86,4
18277,58,1,110.38,4
18278,73,1,173.9,4
18280,277,1,180.60000000000002,1
18281,180,1,80.82,1
18282,7,2,178.05,4
18283,3,16,2045.53,0
18287,42,3,1837.28,4
